word	shaw	ipa	pos	var	confidence	notes
'cos	𐑒𐑩𐑟	kˈəz	UNC	RSSB	89	shave_says:'cos'cos'd
'd	𐑛	d	UNC	RSSB	89	shave_says:'em'em'll
'd	𐑩𐑛	əd	UNC	RSSB	89	shave_says:'em'em'll
'll	𐑤	l	UNC	RSSB	89	shave_says:𐑩
'll	𐑩𐑤	əl	UNC	RSSB	89	shave_says:𐑩
'm	𐑩𐑥	əm	UNC	RSSB	89	shave_says:𐑨𐑟
're	𐑼	əR	UNC	RSSB	89	shave_says:𐑨𐑮𐑩𐑯
's	𐑟	z	UNC	RSSB	89	shave_says:𐑩𐑚𐑨𐑒
's	𐑕	s	UNC	RSSB	89	shave_says:𐑩𐑚𐑨𐑒
've	𐑝	v	UNC	RSSB	89	shave_says:𐑩𐑚𐑨𐑯𐑛𐑩𐑯
've	𐑩𐑝	əv	UNC	RSSB	89	shave_says:𐑩𐑚𐑨𐑯𐑛𐑩𐑯
aaron	𐑺𐑼𐑯	eərəRn	UNC	RSSB	89	shave_says:𐑨𐑚𐑦
abel	𐑱𐑚𐑩𐑤	ˈeɪbəl	UNC	RSSB	89	shave_says:𐑩𐑚𐑲𐑛
aberdeenshire	𐑨𐑚𐑼𐑛𐑰𐑯𐑖𐑼	æbəRdiːnʃəR	UNC	RSSB	89	shave_says:𐑩𐑚𐑦𐑤𐑦𐑑𐑦
abs	𐑨𐑚𐑟	ˈæbz	UNC	RSSB	89	shave_says:𐑨𐑚𐑕𐑩𐑤𐑵𐑑𐑤𐑦
acer	𐑱𐑕𐑼	eɪsəR	UNC	RSSB	89	shave_says:𐑩𐑗𐑰𐑝𐑥𐑩𐑯𐑑𐑕
adidas	𐑨𐑛𐑦𐑛𐑩𐑕	ˈædɪdəs	UNC	RSSB	89	shave_says:𐑨𐑡𐑦𐑒𐑑𐑦𐑝𐑟
adirondack	𐑨𐑛𐑦𐑮𐑪𐑯𐑛𐑨𐑒	ædɪrɒndæk	UNC	RSSB	89	shave_says:𐑩𐑡𐑻𐑯
adjacency	𐑩𐑡𐑱𐑕𐑩𐑯𐑕𐑦	ədʒˈeɪsənsi	UNC	RSSB	89	shave_says:𐑩𐑡𐑳𐑕𐑑
advisor	𐑩𐑛𐑝𐑲𐑟𐑼	ədvaɪzəR	UNC	RSSB	89	shave_says:𐑨𐑛𐑢𐑺
advisors	𐑩𐑛𐑝𐑲𐑟𐑼𐑟	ədvaɪzəRz	UNC	RSSB	89	shave_says:𐑺𐑾𐑤
adware	𐑨𐑛𐑢𐑺	ædweəR	UNC	RSSB	89	shave_says:𐑰𐑕𐑔𐑧𐑑𐑦𐑒
afro	𐑨𐑓𐑮𐑴	æfrəʊ	UNC	RSSB	89	shave_says:𐑭𐑓𐑑𐑼𐑢𐑼𐑛𐑟
ahold	𐑩𐑣𐑴𐑤𐑛	əhˈəʊld	UNC	RSSB	89	shave_says:𐑱𐑤
aigburth	𐑧𐑜𐑚𐑼𐑔	eɡbəRθ	UNC	RSSB	89	shave_says:𐑱𐑥𐑦𐑙
albany	𐑷𐑤𐑚𐑩𐑯𐑦	ˈɔːlbəni	UNC	RSSB	89	shave_says:𐑨𐑤𐑚𐑩𐑥𐑟
albuquerque	𐑨𐑤𐑚𐑩𐑒𐑻𐑒𐑦	ælbəkɜːRki	UNC	RSSB	89	shave_says:𐑩𐑤𐑻𐑑
aldeburgh	𐑷𐑤𐑚𐑮𐑩	ɔːlbrə	UNC	RSSB	89	shave_says:𐑨𐑤𐑦𐑜𐑟𐑭𐑯𐑛𐑼
alloted	𐑩𐑤𐑪𐑑𐑩𐑛	əlˈɒtƏd	UNC	RSSB	89	shave_says:𐑩𐑤𐑬𐑛
alnick	𐑨𐑯𐑦𐑒	ˈænɪk	UNC	RSSB	89	shave_says:𐑩𐑤𐑪𐑙𐑕𐑲𐑛
alresford	𐑹𐑤𐑟𐑓𐑼𐑛	ɔːRlzfəRd	UNC	RSSB	89	shave_says:𐑷𐑤𐑑𐑼
alsager	𐑪𐑤𐑕𐑱𐑡𐑼	ɒlseɪdʒəR	UNC	RSSB	89	shave_says:𐑷𐑤𐑑𐑼𐑱𐑖𐑩𐑯𐑟
althorp	𐑹𐑤𐑔𐑹𐑐	ɔːRlθɔːRp	UNC	RSSB	89	shave_says:𐑨𐑤𐑘𐑩𐑥𐑦𐑯𐑾𐑥
althorp	𐑹𐑤𐑑𐑮𐑼𐑐	ɔːRltrəRp	UNC	RSSB	89	shave_says:𐑨𐑤𐑘𐑩𐑥𐑦𐑯𐑾𐑥
americas	𐑼𐑥𐑧𐑮𐑦𐑒𐑩𐑟	əRmerɪkəz	UNC	RSSB	89	shave_says:𐑩𐑥𐑪𐑒
ampersand	𐑨𐑥𐑐𐑼𐑕𐑨𐑯𐑛	æmpəRsænd	UNC	RSSB	89	shave_says:𐑨𐑥𐑐𐑤𐑦𐑑𐑿𐑛
amphitheater	𐑨𐑥𐑓𐑦𐑔𐑾𐑑𐑼	æmfɪθɪətəR	UNC	RSSB	89	shave_says:𐑨𐑥𐑕𐑑𐑼𐑛𐑨𐑥
ana	𐑨𐑯𐑩	ˈænə	UNC	RSSB	89	shave_says:𐑩𐑯𐑨𐑤𐑩𐑜𐑩𐑕
ana	𐑭𐑯𐑩	ˈɑːnə	UNC	RSSB	89	shave_says:𐑩𐑯𐑨𐑤𐑩𐑜𐑩𐑕
andrea	𐑨𐑯𐑛𐑮𐑾	ændrɪə	UNC	RSSB	89	shave_says:𐑨𐑯𐑛𐑦
andrea	𐑨𐑯𐑛𐑮𐑱𐑩	ændreɪə	UNC	RSSB	89	shave_says:𐑨𐑯𐑛𐑦
andreas	𐑪𐑯𐑛𐑮𐑱𐑩𐑕	ɒndreɪəs	UNC	RSSB	89	shave_says:𐑨𐑯𐑦𐑒𐑛𐑴𐑑
anime	𐑨𐑯𐑦𐑥𐑱	ˈænɪmˌeɪ	UNC	RSSB	89	shave_says:𐑨𐑯
annette	𐑩𐑯𐑧𐑑	ənˈet	UNC	RSSB	89	shave_says:𐑨𐑯𐑩𐑑𐑱𐑑𐑩𐑛
anticedent	𐑨𐑯𐑑𐑦𐑕𐑰𐑛𐑩𐑯𐑑	ˌæntɪsˈiːdənt	UNC	RSSB	89	shave_says:𐑨𐑯𐑑𐑦𐑛𐑴𐑑
antivirus	𐑨𐑯𐑑𐑦𐑝𐑲𐑮𐑼𐑕	æntɪvaɪrəRs	UNC	RSSB	89	shave_says:𐑧𐑯𐑦
anyways	𐑧𐑯𐑦𐑢𐑱𐑟	ˈenɪwˌeɪz	UNC	RSSB	89	shave_says:𐑩𐑐𐑸𐑑𐑥𐑩𐑯𐑑
ar	𐑸	ɑːR	UNC	RSSB	89	shave_says:𐑸𐑚𐑦𐑑𐑮𐑱𐑖𐑩𐑯
arbor	𐑸𐑚𐑼	ɑːRbəR	UNC	RSSB	89	shave_says:𐑸𐑒𐑦𐑪𐑤𐑩𐑡𐑦
argyll	𐑸𐑜𐑲𐑤	ɑːRɡaɪl	UNC	RSSB	89	shave_says:𐑼𐑲𐑟𐑩𐑟
armaggedon	𐑸𐑥𐑩𐑜𐑧𐑛𐑩𐑯	ɑːRməɡedən	UNC	RSSB	89	shave_says:𐑸𐑥𐑼
armenia	𐑸𐑥𐑰𐑯𐑾	ɑːRmiːnɪə	UNC	RSSB	89	shave_says:𐑸𐑥𐑕𐑑𐑮𐑪𐑙
armstrong	𐑸𐑥𐑕𐑑𐑮𐑪𐑙	ɑːRmstrɒŋ	UNC	RSSB	89	shave_says:𐑼𐑬𐑯𐑛
ars	𐑸𐑟	ɑːRz	UNC	RSSB	89	shave_says:𐑸𐑕𐑩𐑯
aruba	𐑼𐑵𐑚𐑩	əruːbə	UNC	RSSB	89	shave_says:𐑭𐑟𐑛𐑩
asda	𐑨𐑕𐑛𐑩	ˈæsdə	UNC	RSSB	89	shave_says:𐑩𐑖𐑹
ashley	𐑨𐑖𐑤𐑦	ˈæʃli	UNC	RSSB	89	shave_says:𐑩𐑕𐑲𐑛
aslackby	𐑱𐑟𐑩𐑤𐑚𐑦	ˈeɪzəlbi	UNC	RSSB	89	shave_says:𐑨𐑕𐑐𐑼𐑱𐑖𐑩𐑯
audi	𐑬𐑛𐑦	ˈaʊdi	UNC	RSSB	89	shave_says:𐑷𐑛𐑦𐑖𐑩𐑯
automotive	𐑷𐑑𐑩𐑥𐑴𐑑𐑦𐑝	ˌɔːtəmˈəʊtɪv	UNC	RSSB	89	shave_says:𐑷𐑜𐑟𐑦𐑤𐑽𐑦
averham	𐑺𐑼𐑥	eərəRm	UNC	RSSB	89	shave_says:𐑨𐑝𐑩𐑒𐑭𐑛𐑴𐑟
aw	𐑷	ˈɔː	UNC	RSSB	89	shave_says:𐑩𐑢𐑱𐑒𐑩𐑯
ayrshire	𐑺𐑖𐑼	eəRʃəR	UNC	RSSB	89	shave_says:𐑚𐑱𐑚𐑦𐑟
ayscoughfee	𐑨𐑕𐑒𐑩𐑓𐑦	ˈæskəfi	UNC	RSSB	89	shave_says:𐑚𐑱𐑚𐑦
backslidden	𐑚𐑨𐑒𐑕𐑤𐑦𐑛𐑩𐑯	bˈækslˌɪdən	UNC	RSSB	89	shave_says:𐑚𐑱𐑒𐑩𐑯
bali	𐑚𐑭𐑤𐑦	bˈɑːli	UNC	RSSB	89	shave_says:𐑚𐑩𐑤𐑵𐑯𐑟
bancorp	𐑚𐑨𐑙𐑒𐑹𐑐	bæŋkɔːRp	UNC	RSSB	89	shave_says:𐑚𐑨𐑙
bap	𐑚𐑨𐑐	bˈæp	UNC	RSSB	89	shave_says:𐑚𐑸𐑚𐑱𐑛𐑪𐑕
barf	𐑚𐑸𐑓	bɑːRf	UNC	RSSB	89	shave_says:𐑚𐑸𐑩𐑥
barham	𐑚𐑺𐑩𐑥	beərəm	UNC	RSSB	89	shave_says:𐑚𐑸𐑯
barnes	𐑚𐑸𐑯𐑟	bɑːRnz	UNC	RSSB	89	shave_says:𐑚𐑨𐑮𐑩𐑤
bayesian	𐑚𐑱𐑟𐑾𐑯	bˈeɪzɪən	UNC	RSSB	89	shave_says:𐑚𐑰𐑛
beatles	𐑚𐑰𐑑𐑩𐑤𐑟	bˈiːtəlz	UNC	RSSB	89	shave_says:𐑚𐑿𐑑𐑦𐑓𐑩𐑤𐑦
becky	𐑚𐑧𐑒𐑦	bˈeki	UNC	RSSB	89	shave_says:𐑚𐑧𐑛𐑦𐑙
beeping	𐑚𐑰𐑐𐑦𐑙	bˈiːpɪŋ	UNC	RSSB	89	shave_says:𐑚𐑰𐑑𐑩𐑤
beethoven	𐑚𐑱𐑑𐑴𐑝𐑩𐑯	bˌeɪtˈəʊvən	UNC	RSSB	89	shave_says:𐑚𐑦𐑓𐑹
beijing	𐑚𐑱𐑠𐑦𐑙	bˌeɪʒˈɪŋ	UNC	RSSB	89	shave_says:𐑚𐑧𐑤𐑓𐑭𐑕𐑑
belize	𐑚𐑧𐑤𐑰𐑟	belˈiːz	UNC	RSSB	89	shave_says:𐑚𐑦𐑤𐑪𐑙
belize	𐑚𐑩𐑤𐑰𐑟	bəlˈiːz	UNC	RSSB	89	shave_says:𐑚𐑦𐑤𐑪𐑙
benjy	𐑚𐑧𐑯𐑡𐑦	bˈendʒi	UNC	RSSB	89	shave_says:𐑚𐑸𐑒𐑤𐑦
bennett	𐑚𐑧𐑯𐑦𐑑	bˈenɪt	UNC	RSSB	89	shave_says:𐑚𐑸𐑒𐑖𐑼
benz	𐑚𐑧𐑯𐑟	bˈenz	UNC	RSSB	89	shave_says:𐑚𐑼𐑥𐑿𐑛𐑩
beserk	𐑚𐑩𐑟𐑻𐑒	bəzɜːRk	UNC	RSSB	89	shave_says:𐑚𐑧𐑕𐑑𐑦𐑨𐑤𐑦𐑑𐑦
beserk	𐑚𐑩𐑕𐑻𐑒	bəsɜːRk	UNC	RSSB	89	shave_says:𐑚𐑧𐑕𐑑𐑦𐑨𐑤𐑦𐑑𐑦
bestsellers	𐑚𐑧𐑕𐑑𐑕𐑧𐑤𐑼𐑟	bestseləRz	UNC	RSSB	89	shave_says:𐑚𐑧𐑑𐑕
bev	𐑚𐑧𐑝	bˈev	UNC	RSSB	89	shave_says:𐑚𐑦𐑢𐑺
bibliographic	𐑚𐑦𐑚𐑤𐑾𐑫𐑜𐑮𐑨𐑓𐑦𐑒	bɪblɪəʊɡræfɪk	UNC	RSSB	89	shave_says:𐑚𐑦𐑛𐑩𐑯
bloggers	𐑚𐑤𐑪𐑜𐑼𐑟	blɒɡəRz	UNC	RSSB	89	shave_says:𐑚𐑤𐑪𐑯𐑛
bloomberg	𐑚𐑤𐑵𐑥𐑚𐑻𐑜	bluːmbɜːRɡ	UNC	RSSB	89	shave_says:𐑚𐑤𐑴𐑦𐑙
blowjob	𐑚𐑤𐑴𐑡𐑪𐑚	blˈəʊdʒˌɒb	UNC	RSSB	89	shave_says:𐑚𐑤𐑵
blowjobs	𐑚𐑤𐑴𐑡𐑪𐑚𐑟	blˈəʊdʒˌɒbz	UNC	RSSB	89	shave_says:𐑚𐑤𐑵𐑚𐑼𐑦
bluetooth	𐑚𐑤𐑵𐑑𐑵𐑔	blˈuːtˌuːθ	UNC	RSSB	89	shave_says:𐑚𐑤𐑻𐑑
bonk	𐑚𐑪𐑙𐑒	bˈɒŋk	UNC	RSSB	89	shave_says:𐑚𐑵
bonnie	𐑚𐑪𐑯𐑦	bˈɒni	UNC	RSSB	89	shave_says:𐑚𐑵𐑚𐑟
bookstore	𐑚𐑫𐑒𐑕𐑑𐑹	bʊkstɔːR	UNC	RSSB	89	shave_says:𐑚𐑵𐑑
boolean	𐑚𐑵𐑤𐑾𐑯	bˈuːlɪən	UNC	RSSB	89	shave_says:𐑚𐑵𐑔
bosham	𐑚𐑪𐑟𐑩𐑥	bˈɒzəm	UNC	RSSB	89	shave_says:𐑚𐑪𐑗
brexit	𐑚𐑮𐑧𐑒𐑕𐑦𐑑	breksɪt	UNC	RSSB	89	shave_says:𐑚𐑮𐑲𐑛𐑩𐑤
britney	𐑚𐑮𐑦𐑑𐑯𐑦	brɪtni	UNC	RSSB	89	shave_says:𐑚𐑮𐑷𐑛𐑒𐑭𐑕𐑑𐑩𐑛
bro	𐑚𐑮𐑴	brəʊ	UNC	RSSB	89	shave_says:𐑚𐑮𐑷𐑛𐑒𐑭𐑕𐑑𐑦𐑙
broadband	𐑚𐑮𐑷𐑛𐑚𐑨𐑯𐑛	brɔːdbænd	UNC	RSSB	89	shave_says:𐑚𐑮𐑷𐑛𐑤𐑦
bromwich	𐑚𐑮𐑪𐑥𐑦𐑗	brɒmɪtʃ	UNC	RSSB	89	shave_says:𐑚𐑮𐑫𐑒𐑤𐑦𐑯
bromwich	𐑚𐑮𐑪𐑥𐑦𐑡	brɒmɪdʒ	UNC	RSSB	89	shave_says:𐑚𐑮𐑫𐑒𐑤𐑦𐑯
buddha	𐑚𐑵𐑛𐑩	bˈuːdə	UNC	RSSB	89	shave_says:𐑚𐑳𐑡𐑩𐑑𐑕
bukkake	𐑚𐑫𐑒𐑨𐑒𐑦	bˌʊkˈæki	UNC	RSSB	89	shave_says:𐑚𐑳𐑤𐑡
bukkake	𐑚𐑵𐑒𐑨𐑒𐑦	bˌuːkˈæki	UNC	RSSB	89	shave_says:𐑚𐑳𐑤𐑡
bureaus	𐑚𐑘𐑫𐑼𐑴𐑟	bjəərəʊz	UNC	RSSB	89	shave_says:𐑚𐑻𐑒
burlington	𐑚𐑻𐑤𐑦𐑙𐑑𐑩𐑯	bɜːRlɪŋtən	UNC	RSSB	89	shave_says:𐑚𐑻𐑯𐑦𐑙
burt	𐑚𐑻𐑑	bɜːRt	UNC	RSSB	89	shave_says:𐑚𐑳𐑕𐑩𐑟
busk	𐑚𐑳𐑕𐑒	bˈʌsk	UNC	RSSB	89	shave_says:𐑚𐑦𐑟𐑦
busty	𐑚𐑳𐑕𐑑𐑦	bˈʌsti	UNC	RSSB	89	shave_says:𐑚𐑫𐑗𐑼𐑟
bute	𐑚𐑿𐑑	bjˈuːt	UNC	RSSB	89	shave_says:𐑚𐑳𐑑𐑩𐑯
byfleet	𐑚𐑲𐑓𐑤𐑰𐑑	bˈaɪfliːt	UNC	RSSB	89	shave_says:𐑒𐑨𐑚𐑦𐑡
cadbury	𐑒𐑨𐑛𐑚𐑼𐑦	kædbəri	UNC	RSSB	89	shave_says:𐑒𐑭𐑛𐑮𐑩
cadillac	𐑒𐑨𐑛𐑦𐑤𐑨𐑒	kˈædɪlˌæk	UNC	RSSB	89	shave_says:𐑒𐑱𐑡
calgary	𐑒𐑨𐑤𐑜𐑼𐑦	kælɡəri	UNC	RSSB	89	shave_says:𐑒𐑷𐑤𐑛
cameron	𐑒𐑨𐑥𐑼𐑼𐑯	kæmərəRn	UNC	RSSB	89	shave_says:𐑒𐑨𐑥𐑐𐑱𐑯𐑟
campbell	𐑒𐑨𐑥𐑚𐑩𐑤	kˈæmbəl	UNC	RSSB	89	shave_says:𐑒𐑨𐑥𐑟
cappuccino	𐑒𐑨𐑐𐑫𐑗𐑰𐑯𐑴	kˌæpʊtʃˈiːnəʊ	UNC	RSSB	89	shave_says:𐑒𐑨𐑐𐑑𐑼
capri	𐑒𐑩𐑐𐑮𐑰	kəpriː	UNC	RSSB	89	shave_says:𐑒𐑨𐑐𐑗𐑼
capri	𐑒𐑨𐑐𐑮𐑦	kæpri	UNC	RSSB	89	shave_says:𐑒𐑨𐑐𐑗𐑼
carey	𐑒𐑺𐑦	keəri	UNC	RSSB	89	shave_says:𐑒𐑸𐑤
carlos	𐑒𐑸𐑤𐑪𐑕	kɑːRlɒs	UNC	RSSB	89	shave_says:𐑒𐑨𐑮𐑩𐑤𐑲𐑯𐑩
casio	𐑒𐑨𐑕𐑾𐑫	kˈæsɪəʊ	UNC	RSSB	89	shave_says:𐑒𐑭𐑕𐑑
cassie	𐑒𐑨𐑕𐑦	kˈæsi	UNC	RSSB	89	shave_says:𐑒𐑨𐑠𐑫𐑩𐑤
catastrophy	𐑒𐑩𐑑𐑨𐑕𐑑𐑮𐑩𐑓𐑦	kətæstrəfi	UNC	RSSB	89	shave_says:𐑒𐑱𐑑𐑼
caterham	𐑒𐑱𐑑𐑼𐑩𐑥	keɪtərəm	UNC	RSSB	89	shave_says:𐑒𐑨𐑔𐑮𐑦𐑯
cee	𐑕𐑰	sˈiː	UNC	RSSB	89	shave_says:𐑕𐑧𐑤𐑩𐑚𐑮𐑱𐑖𐑩𐑯
cees	𐑕𐑰𐑟	sˈiːz	UNC	RSSB	89	shave_says:𐑕𐑧𐑤𐑩𐑚𐑮𐑱𐑖𐑩𐑯𐑟
celebs	𐑕𐑦𐑤𐑧𐑚𐑟	sɪlˈebz	UNC	RSSB	89	shave_says:𐑕𐑧𐑤𐑘𐑩𐑤𐑼
cheryl	𐑖𐑧𐑮𐑼𐑤	ʃerəRl	UNC	RSSB	89	shave_says:𐑗𐑧𐑕𐑑𐑼
cheshunt	𐑗𐑧𐑟𐑩𐑯𐑑	tʃˈezənt	UNC	RSSB	89	shave_says:𐑗𐑧𐑕𐑑𐑼𐑓𐑰𐑤𐑛
chetah	𐑗𐑰𐑑𐑩	tʃˈiːtə	UNC	RSSB	89	shave_says:[𐑒𐑲 / 𐑗𐑰]
chevrolet	𐑖𐑧𐑝𐑮𐑴𐑤𐑱	ʃevrəʊleɪ	UNC	RSSB	89	shave_says:𐑖𐑰𐑒
chevrolet	𐑖𐑧𐑝𐑮𐑩𐑤𐑱	ʃevrəleɪ	UNC	RSSB	89	shave_says:𐑖𐑰𐑒
chevy	𐑗𐑧𐑝𐑦	tʃˈevi	UNC	RSSB	89	shave_says:𐑖𐑦𐑒𐑭𐑜𐑴
chevy	𐑖𐑧𐑝𐑦	ʃˈevi	UNC	RSSB	89	shave_says:𐑖𐑦𐑒𐑭𐑜𐑴
chi	𐑒𐑲	kˈaɪ	UNC	RSSB	89	shave_says:𐑗𐑦𐑒𐑦𐑯𐑟
chi	𐑗𐑰	tʃˈiː	UNC	RSSB	89	shave_says:𐑗𐑦𐑒𐑦𐑯𐑟
chi	𐑒𐑰	kˈiː	UNC	RSSB	89	shave_says:𐑗𐑦𐑒𐑦𐑯𐑟
cholmondeley	𐑗𐑳𐑥𐑤𐑦	tʃˈʌmli	UNC	RSSB	89	shave_says:𐑗𐑪𐑐𐑑
christie	𐑒𐑮𐑦𐑕𐑑𐑦	krɪsti	UNC	RSSB	89	shave_says:𐑒𐑮𐑴𐑥
chrysler	𐑒𐑮𐑲𐑕𐑤𐑼	kraɪsləR	UNC	RSSB	89	shave_says:𐑗𐑳𐑒𐑩𐑤
chuff	𐑗𐑳𐑓	tʃˈʌf	UNC	RSSB	89	shave_says:𐑗𐑳𐑙𐑒
chuffed	𐑗𐑳𐑓𐑑	tʃˈʌft	UNC	RSSB	89	shave_says:𐑗𐑳𐑙𐑒𐑦
churchill	𐑗𐑻𐑗𐑦𐑤	tʃɜːRtʃɪl	UNC	RSSB	89	shave_says:𐑕𐑲𐑛𐑼
chutzpa	𐑣𐑫𐑑𐑕𐑐𐑩	hˈʊtspə	UNC	RSSB	89	shave_says:𐑕𐑦𐑜𐑼𐑧𐑑𐑕
cinammon	𐑕𐑦𐑯𐑩𐑥𐑩𐑯	sˈɪnəmən	UNC	RSSB	89	shave_says:𐑕𐑻𐑒𐑩𐑤𐑟
cindy	𐑕𐑦𐑯𐑛𐑦	sˈɪndi	UNC	RSSB	89	shave_says:𐑕𐑻𐑒𐑦𐑑𐑕
cisco	𐑕𐑦𐑕𐑒𐑴	sˈɪskəʊ	UNC	RSSB	89	shave_says:𐑕𐑦𐑑𐑦𐑟
clackmannanshire	𐑒𐑤𐑨𐑒𐑥𐑨𐑯𐑼𐑯𐑖𐑼	klækmænəRnʃəR	UNC	RSSB	89	shave_says:𐑒𐑤𐑱𐑥𐑦𐑙
cladded	𐑒𐑤𐑨𐑛𐑩𐑛	klˈædƏd	UNC	RSSB	89	shave_says:𐑒𐑤𐑺
clair	𐑒𐑤𐑺	kleəR	UNC	RSSB	89	shave_says:𐑒𐑤𐑨𐑐
classifieds	𐑒𐑤𐑨𐑕𐑦𐑓𐑲𐑛𐑟	klˈæsɪfˌaɪdz	UNC	RSSB	89	shave_says:𐑒𐑤𐑷
cleanup	𐑒𐑤𐑰𐑯𐑳𐑐	klˈiːnˌʌp	UNC	RSSB	89	shave_says:𐑒𐑤𐑽𐑦𐑙
clyde	𐑒𐑤𐑲𐑛	klˈaɪd	UNC	RSSB	89	shave_says:𐑒𐑴-𐑹𐑛𐑦𐑯𐑱𐑖𐑩𐑯
co-operative	𐑒𐑴𐑪𐑐𐑮𐑼𐑑𐑦𐑝	kəʊɒprəRtɪv	UNC	RSSB	89	shave_says:𐑒𐑴𐑤
co-operative	𐑒𐑴𐑪𐑐𐑼𐑼𐑑𐑦𐑝	kəʊɒpərəRtɪv	UNC	RSSB	89	shave_says:𐑒𐑴𐑤
cohen	𐑒𐑴𐑩𐑯	kˈəʊən	UNC	RSSB	89	shave_says:𐑒𐑴𐑦𐑯𐑕𐑦𐑛𐑩𐑯𐑕
colateral	𐑒𐑩𐑤𐑨𐑑𐑼𐑼𐑤	kəlætərəRl	UNC	RSSB	89	shave_says:𐑒𐑴𐑤
colateral	𐑒𐑪𐑤𐑨𐑑𐑼𐑼𐑤	kɒlætərəRl	UNC	RSSB	89	shave_says:𐑒𐑴𐑤
coldfield	𐑒𐑴𐑤𐑛𐑓𐑰𐑤𐑛	kˈəʊldfiːld	UNC	RSSB	89	shave_says:𐑒𐑩𐑤𐑲𐑑𐑦𐑕
cole	𐑒𐑴𐑤	kˈəʊl	UNC	RSSB	89	shave_says:𐑒𐑩𐑤𐑨𐑚𐑼𐑱𐑖𐑩𐑯
colerne	𐑒𐑳𐑤𐑼𐑯	kʌləRn	UNC	RSSB	89	shave_says:𐑒𐑩𐑤𐑨𐑐𐑕
collectables	𐑒𐑩𐑤𐑧𐑒𐑑𐑦𐑚𐑩𐑤𐑟	kəlˈektɪbəlz	UNC	RSSB	89	shave_says:𐑒𐑩𐑤𐑧𐑒𐑖𐑩𐑯
collectible	𐑒𐑩𐑤𐑧𐑒𐑑𐑩𐑚𐑩𐑤	kəlˈektəbəl	UNC	RSSB	89	shave_says:𐑒𐑩𐑤𐑧𐑒𐑑𐑦𐑝
collectibles	𐑒𐑩𐑤𐑧𐑒𐑑𐑩𐑚𐑩𐑤𐑟	kəlˈektəbəlz	UNC	RSSB	89	shave_says:𐑒𐑩𐑤𐑧𐑒𐑑𐑼
com	𐑒𐑪𐑥	kˈɒm	UNC	RSSB	89	shave_says:𐑒𐑪𐑥𐑚𐑦𐑯𐑱𐑖𐑩𐑯
combo	𐑒𐑪𐑥𐑚𐑴	kˈɒmbəʊ	UNC	RSSB	89	shave_says:𐑒𐑳𐑥𐑩𐑔
cometh	𐑒𐑳𐑥𐑩𐑔	kˈʌməθ	UNC	RSSB	89	shave_says:𐑒𐑪𐑥𐑦𐑒
comp	𐑒𐑪𐑥𐑐	kˈɒmp	UNC	RSSB	89	shave_says:𐑒𐑳𐑥𐑐𐑩𐑯𐑦
compaq	𐑒𐑪𐑥𐑐𐑨𐑒	kˈɒmpˌæk	UNC	RSSB	89	shave_says:𐑒𐑩𐑥𐑐𐑺𐑛
condos	𐑒𐑪𐑯𐑛𐑴𐑟	kˈɒndəʊz	UNC	RSSB	89	shave_says:𐑒𐑴𐑯
conferencing	𐑒𐑪𐑯𐑓𐑮𐑼𐑯𐑕𐑦𐑙	kɒnfrəRnsɪŋ	UNC	RSSB	89	shave_says:𐑒𐑪𐑯𐑓𐑦𐑛𐑧𐑯𐑖𐑩𐑤
conflate	𐑒𐑩𐑯𐑓𐑤𐑱𐑑	kənflˈeɪt	UNC	RSSB	89	shave_says:𐑒𐑩𐑯𐑓𐑬𐑯𐑛
connectivity	𐑒𐑩𐑯𐑧𐑒𐑑𐑦𐑝𐑦𐑑𐑦	kənektˈɪvɪti	UNC	RSSB	89	shave_says:𐑒𐑪𐑯𐑩𐑑𐑱𐑖𐑩𐑯
continuum	𐑒𐑩𐑯𐑑𐑦𐑯𐑘𐑩𐑩𐑥	kəntˈɪnjəəm	UNC	RSSB	89	shave_says:𐑒𐑪𐑯𐑑𐑮𐑨𐑒𐑑𐑼𐑟
cor	𐑒𐑹	kɔːR	UNC	RSSB	89	shave_says:𐑒𐑹𐑛𐑼𐑶
cordless	𐑒𐑹𐑛𐑤𐑩𐑕	kɔːRdləs	UNC	RSSB	89	shave_says:𐑒𐑹𐑯
costa	𐑒𐑪𐑕𐑑𐑩	kˈɒstə	UNC	RSSB	89	shave_says:𐑒𐑪𐑕𐑑𐑵𐑥
councilor	𐑒𐑬𐑯𐑕𐑤𐑼	kaʊnsləR	UNC	RSSB	89	shave_says:𐑒𐑬𐑯𐑕𐑩𐑤𐑦𐑙
councilor	𐑒𐑬𐑯𐑕𐑼𐑤𐑼	kaʊnsəRləR	UNC	RSSB	89	shave_says:𐑒𐑬𐑯𐑕𐑩𐑤𐑦𐑙
councilors	𐑒𐑬𐑯𐑕𐑤𐑼𐑟	kaʊnsləRz	UNC	RSSB	89	shave_says:𐑒𐑬𐑯𐑑
councilors	𐑒𐑬𐑯𐑕𐑼𐑤𐑼𐑟	kaʊnsəRləRz	UNC	RSSB	89	shave_says:𐑒𐑬𐑯𐑑
crawford	𐑒𐑮𐑹𐑓𐑼𐑛	krɔːRfəRd	UNC	RSSB	89	shave_says:𐑒𐑮𐑰𐑒
creme	𐑒𐑮𐑧𐑥	krem	UNC	RSSB	89	shave_says:𐑒𐑮𐑵
creme	𐑒𐑮𐑱𐑥	kreɪm	UNC	RSSB	89	shave_says:𐑒𐑮𐑵
creme	𐑒𐑮𐑰𐑥	kriːm	UNC	RSSB	89	shave_says:𐑒𐑮𐑵
crucifiction	𐑒𐑮𐑵𐑕𐑦𐑓𐑦𐑒𐑖𐑩𐑯	kruːsɪfɪkʃən	UNC	RSSB	89	shave_says:𐑒𐑮𐑵𐑟
crud	𐑒𐑮𐑳𐑛	krʌd	UNC	RSSB	89	shave_says:𐑒𐑮𐑵𐑟𐑩𐑟
crunchy	𐑒𐑮𐑳𐑯𐑗𐑦	krʌntʃi	UNC	RSSB	89	shave_says:𐑒𐑮𐑳𐑒𐑕
cruz	𐑒𐑮𐑵𐑟	kruːz	UNC	RSSB	89	shave_says:𐑒𐑿𐑚𐑩
cuckfield	𐑒𐑫𐑒𐑓𐑰𐑤𐑛	kˈʊkfiːld	UNC	RSSB	89	shave_says:𐑒𐑿𐑟
cum	𐑒𐑳𐑥	kˈʌm	UNC	RSSB	89	shave_says:𐑒𐑳𐑚𐑼𐑛
cyber	𐑕𐑲𐑚𐑼	saɪbəR	UNC	RSSB	89	shave_says:𐑕𐑦𐑤𐑦𐑯𐑛𐑼
czechia	𐑗𐑧𐑒𐑾	tʃˈekɪə	UNC	RSSB	89	shave_says:𐑛𐑭𐑡𐑩𐑯𐑩𐑥
dagenham	𐑛𐑨𐑜𐑩𐑯𐑩𐑥	dˈæɡənəm	UNC	RSSB	89	shave_says:𐑛𐑱𐑤
dammit	𐑛𐑨𐑥𐑦𐑑	dˈæmɪt	UNC	RSSB	89	shave_says:𐑛𐑭𐑯𐑕
darren	𐑛𐑨𐑮𐑼𐑯	dærəRn	UNC	RSSB	89	shave_says:𐑛𐑨𐑖
daryl	𐑛𐑨𐑮𐑦𐑤	dærɪl	UNC	RSSB	89	shave_says:𐑛𐑱𐑑
davies	𐑛𐑱𐑝𐑦𐑟	dˈeɪviz	UNC	RSSB	89	shave_says:𐑛𐑱𐑤𐑲𐑑
decaf	𐑛𐑰𐑒𐑨𐑓	dˈiːkæf	UNC	RSSB	89	shave_says:𐑛𐑦𐑕𐑧𐑥𐑚𐑼
decaff	𐑛𐑰𐑒𐑨𐑓	dˈiːkæf	UNC	RSSB	89	shave_says:𐑛𐑰𐑕𐑩𐑯𐑕𐑦
decision-maker	𐑛𐑦𐑕𐑦𐑠𐑩𐑯𐑥𐑱𐑒𐑼	dɪsɪʒənmeɪkəR	UNC	RSSB	89	shave_says:𐑛𐑧𐑒𐑤𐑼𐑱𐑖𐑩𐑯
dees	𐑛𐑰𐑟	dˈiːz	UNC	RSSB	89	shave_says:𐑛𐑦𐑓𐑧𐑒𐑑𐑦𐑝
deluxe	𐑛𐑦𐑤𐑳𐑒𐑕	dɪlˈʌks	UNC	RSSB	89	shave_says:𐑛𐑦𐑥𐑭𐑯𐑛𐑟
deluxe	𐑛𐑦𐑤𐑫𐑒𐑕	dɪlˈʊks	UNC	RSSB	89	shave_says:𐑛𐑦𐑥𐑭𐑯𐑛𐑟
descendent	𐑛𐑦𐑕𐑧𐑯𐑛𐑩𐑯𐑑	dɪsˈendənt	UNC	RSSB	89	shave_says:𐑛𐑦𐑕𐑒𐑮𐑲𐑚𐑟
desguise	𐑛𐑦𐑕𐑜𐑲𐑟	dɪsɡˈaɪz	UNC	RSSB	89	shave_says:𐑛𐑦𐑟𐑲𐑯𐑛
deutsch	𐑛𐑶𐑗	dˈɔɪtʃ	UNC	RSSB	89	shave_says:𐑛𐑦𐑝𐑧𐑤𐑩𐑐𐑼
dev	𐑛𐑧𐑝	dˈev	UNC	RSSB	89	shave_says:𐑛𐑦𐑝𐑧𐑤𐑩𐑐𐑼𐑟
diane	𐑛𐑲𐑨𐑯	daɪˈæn	UNC	RSSB	89	shave_says:𐑛𐑦𐑒
dickhead	𐑛𐑦𐑒𐑣𐑧𐑛	dˈɪkhˌed	UNC	RSSB	89	shave_says:𐑛𐑦𐑛
diego	𐑛𐑦𐑱𐑜𐑴	dɪˈeɪɡəʊ	UNC	RSSB	89	shave_says:𐑛𐑦𐑓
diff	𐑛𐑦𐑓	dˈɪf	UNC	RSSB	89	shave_says:𐑛𐑦𐑓𐑼𐑧𐑯𐑖𐑩𐑤
diffs	𐑛𐑦𐑓𐑕	dˈɪfs	UNC	RSSB	89	shave_says:𐑛𐑦𐑜𐑦𐑙
ding	𐑛𐑦𐑙	dˈɪŋ	UNC	RSSB	89	shave_says:𐑛𐑦𐑯𐑼𐑟
disfunctional	𐑛𐑦𐑕𐑓𐑳𐑙𐑒𐑖𐑩𐑯𐑩𐑤	dɪsfˈʌŋkʃənəl	UNC	RSSB	89	shave_says:𐑛𐑦𐑖𐑩𐑟
disingenious	𐑛𐑦𐑕𐑦𐑯𐑡𐑧𐑯𐑘𐑩𐑩𐑕	dˌɪsɪndʒˈenjəəs	UNC	RSSB	89	shave_says:𐑛𐑦𐑕𐑥𐑨𐑯𐑑𐑩𐑤
disjunction	𐑛𐑦𐑕𐑡𐑳𐑙𐑒𐑖𐑩𐑯	dɪsdʒˈʌŋkʃən	UNC	RSSB	89	shave_says:𐑛𐑦𐑕𐑥𐑦𐑕
disproven	𐑛𐑦𐑕𐑐𐑮𐑵𐑝𐑩𐑯	dɪspruːvən	UNC	RSSB	89	shave_says:𐑛𐑦𐑕𐑮𐑳𐑐𐑖𐑩𐑯
div	𐑛𐑦𐑝	dˈɪv	UNC	RSSB	89	shave_says:𐑛𐑲𐑝𐑻𐑕𐑦𐑑𐑦
doctoral	𐑛𐑪𐑒𐑑𐑼𐑼𐑤	dɒktərəRl	UNC	RSSB	89	shave_says:𐑛𐑪𐑒𐑘𐑩𐑥𐑧𐑯𐑑𐑱𐑖𐑩𐑯
downloadable	𐑛𐑬𐑯𐑤𐑴𐑛𐑦𐑚𐑩𐑤	dˈaʊnlˌəʊdɪbəl	UNC	RSSB	89	shave_says:𐑛𐑬𐑯𐑑𐑬𐑯
dubai	𐑛𐑵𐑚𐑲	duːbˈaɪ	UNC	RSSB	89	shave_says:𐑛𐑳𐑛
duh	𐑛𐑻	dˈɜː	UNC	RSSB	89	shave_says:𐑛𐑳𐑥
dulwich	𐑛𐑳𐑤𐑦𐑗	dˈʌlɪtʃ	UNC	RSSB	89	shave_says:𐑛𐑳𐑥𐑐
dunbartonshire	𐑛𐑳𐑯𐑚𐑸𐑑𐑼𐑯𐑖𐑼	dʌnbɑːRtəRnʃəR	UNC	RSSB	89	shave_says:𐑛𐑳𐑯𐑡𐑩𐑯
dwarves	𐑛𐑢𐑹𐑝𐑟	dwɔːRvz	UNC	RSSB	89	shave_says:𐑛𐑢𐑧𐑤𐑑
dwelled	𐑛𐑢𐑧𐑤𐑛	dwˈeld	UNC	RSSB	89	shave_says:𐑛𐑲𐑛
dyeing	𐑛𐑲𐑦𐑙	dˈaɪɪŋ	UNC	RSSB	89	shave_says:𐑛𐑲𐑯𐑨𐑥𐑦𐑒
dylan	𐑛𐑦𐑤𐑩𐑯	dˈɪlən	UNC	RSSB	89	shave_says:𐑰
eastenders	𐑰𐑕𐑑𐑧𐑯𐑛𐑼𐑟	iːstendəRz	UNC	RSSB	89	shave_says:𐑰𐑑𐑩𐑯
eave	𐑰𐑝	ˈiːv	UNC	RSSB	89	shave_says:𐑧𐑚𐑩𐑯𐑦
ebay	𐑰𐑚𐑱	ˈiːbˌeɪ	UNC	RSSB	89	shave_says:𐑧𐑒𐑴
ecks	𐑧𐑒𐑕	ˈeks	UNC	RSSB	89	shave_says:𐑰𐑒𐑪𐑤𐑩𐑡𐑦
eckses	𐑧𐑒𐑕𐑩𐑟	ˈeksƏz	UNC	RSSB	89	shave_says:𐑰𐑒𐑪𐑥𐑼𐑕
eco	𐑰𐑒𐑴	ˈiːkəʊ	UNC	RSSB	89	shave_says:𐑰𐑒𐑩𐑯𐑪𐑥𐑦𐑒𐑤𐑦
eco	𐑧𐑒𐑴	ˈekəʊ	UNC	RSSB	89	shave_says:𐑰𐑒𐑩𐑯𐑪𐑥𐑦𐑒𐑤𐑦
ecommerce	𐑰𐑒𐑪𐑥𐑻𐑕	iːkɒmɜːRs	UNC	RSSB	89	shave_says:𐑦𐑒𐑪𐑯𐑩𐑥𐑦𐑕𐑑
edna	𐑧𐑛𐑯𐑩	ˈednə	UNC	RSSB	89	shave_says:𐑧𐑡𐑩𐑒𐑱𐑑𐑼𐑟
edwards	𐑧𐑛𐑢𐑼𐑛𐑟	edwəRdz	UNC	RSSB	89	shave_says:𐑦𐑓𐑧𐑒𐑑𐑦𐑝𐑤𐑦
ef	𐑧𐑓	ˈef	UNC	RSSB	89	shave_says:𐑦𐑓𐑧𐑒𐑑𐑕
efs	𐑧𐑓𐑕	ˈefs	UNC	RSSB	89	shave_says:𐑦𐑡𐑦𐑐𐑖𐑩𐑯
eire	𐑺𐑼	eərəR	UNC	RSSB	89	shave_says:𐑦𐑤𐑨𐑚𐑼𐑩𐑑
el	𐑧𐑤	ˈel	UNC	RSSB	89	shave_says:𐑧𐑤𐑚𐑴
elfs	𐑧𐑤𐑓𐑕	ˈelfs	UNC	RSSB	89	shave_says:𐑧𐑤𐑾𐑑
elliott	𐑧𐑤𐑾𐑑	ˈelɪət	UNC	RSSB	89	shave_says:𐑧𐑤𐑟
els	𐑧𐑤𐑟	ˈelz	UNC	RSSB	89	shave_says:𐑧𐑤𐑝𐑦𐑕
elvis	𐑧𐑤𐑝𐑦𐑕	ˈelvɪs	UNC	RSSB	89	shave_says:𐑦𐑥𐑚𐑨𐑙𐑒𐑥𐑩𐑯𐑑
em	𐑧𐑥	ˈem	UNC	RSSB	89	shave_says:𐑦𐑥𐑚𐑨𐑮𐑩𐑕
ems	𐑧𐑥𐑟	ˈemz	UNC	RSSB	89	shave_says:𐑦𐑯𐑱𐑚𐑤𐑦𐑙
en	𐑧𐑯	ˈen	UNC	RSSB	89	shave_says:𐑦𐑯𐑨𐑒𐑑
ens	𐑧𐑯𐑟	ˈenz	UNC	RSSB	89	shave_says:𐑦𐑯𐑖𐑫𐑼𐑟
ericsson	𐑧𐑮𐑦𐑒𐑕𐑩𐑯	erɪksən	UNC	RSSB	89	shave_says:𐑦𐑮𐑪𐑑𐑦𐑒
erik	𐑧𐑮𐑦𐑒	erɪk	UNC	RSSB	89	shave_says:𐑦𐑮𐑪𐑑𐑦𐑒𐑩
ess	𐑧𐑕	ˈes	UNC	RSSB	89	shave_says:𐑦𐑕𐑧𐑯𐑖𐑩𐑤𐑦
esses	𐑧𐑕𐑩𐑟	ˈesƏz	UNC	RSSB	89	shave_says:𐑦𐑕𐑑𐑨𐑚𐑤𐑦𐑖𐑥𐑩𐑯𐑑
estonia	𐑧𐑕𐑑𐑴𐑯𐑾	estˈəʊnɪə	UNC	RSSB	89	shave_says:𐑦𐑑𐑻𐑯𐑦𐑑𐑦
et	𐑧𐑑	ˈet	UNC	RSSB	89	shave_says:𐑰𐑔𐑼𐑯𐑧𐑑
etcetera	𐑦𐑑𐑕𐑧𐑑𐑼𐑩	ɪtsetərə	UNC	RSSB	89	shave_says:𐑧𐑔𐑦𐑒𐑩𐑤
ethernet	𐑰𐑔𐑼𐑯𐑧𐑑	iːθəRnet	UNC	RSSB	89	shave_says:𐑧𐑔𐑯𐑦𐑕𐑦𐑑𐑦
euro	𐑘𐑫𐑼𐑴	jəərəʊ	UNC	RSSB	89	shave_says:𐑦𐑝𐑱𐑛
euros	𐑘𐑫𐑼𐑴𐑟	jəərəʊz	UNC	RSSB	89	shave_says:𐑦𐑝𐑨𐑤𐑘𐑫𐑱𐑑𐑦𐑙
evans	𐑧𐑝𐑩𐑯𐑟	ˈevənz	UNC	RSSB	89	shave_says:[𐑰𐑝𐑩𐑯𐑦𐑙𐑟 / 𐑰𐑝𐑯𐑦𐑙𐑟]
exec	𐑧𐑜𐑟𐑧𐑒	ˌeɡzˈek	UNC	RSSB	89	shave_says:𐑦𐑜𐑟𐑧𐑒𐑘𐑩𐑑𐑦𐑝𐑟
expat	𐑧𐑒𐑕𐑐𐑨𐑑	ˈekspˌæt	UNC	RSSB	89	shave_says:𐑦𐑒𐑕𐑐𐑧𐑒𐑑𐑦𐑙
expedia	𐑧𐑒𐑕𐑐𐑰𐑛𐑾	ekspˈiːdɪə	UNC	RSSB	89	shave_says:𐑦𐑒𐑕𐑐𐑧𐑯𐑕
eynsham	𐑧𐑯𐑖𐑩𐑥	ˈenʃəm	UNC	RSSB	89	shave_says:𐑓𐑩𐑕𐑭𐑛
factorial	𐑓𐑨𐑒𐑑𐑹𐑾𐑤	fæktɔːrɪəl	UNC	RSSB	89	shave_says:𐑓𐑨𐑒𐑗𐑫𐑩𐑤
fellas	𐑓𐑧𐑤𐑩𐑕	fˈeləs	UNC	RSSB	89	shave_says:𐑓𐑧𐑤𐑩𐑟
front-page	𐑓𐑮𐑳𐑯𐑑𐑐𐑱𐑡	frʌntpeɪdʒ	UNC	RSSB	89	shave_says:𐑓𐑮𐑳𐑯𐑑-𐑐𐑱𐑡
fujitsu	𐑓𐑵𐑡𐑦𐑑𐑕𐑵	fuːdʒˈɪtsuː	UNC	RSSB	89	shave_says:𐑓𐑵𐑡𐑦𐑑𐑖𐑫
gees	𐑜𐑰𐑟	ɡˈiːz	UNC	RSSB	89	shave_says:𐑡𐑰𐑟
geordie	𐑡𐑹𐑛𐑦	dʒɔːRdi	UNC	RSSB	89	shave_says:𐑡𐑦𐑹𐑛𐑦
gorbachev	𐑜𐑹𐑚𐑩𐑗𐑪𐑓	ɡɔːRbətʃɒf	UNC	RSSB	89	shave_says:𐑜𐑹𐑚𐑭𐑗𐑴𐑓
gran	𐑜𐑮𐑨𐑯	ɡræn	UNC	RSSB	89	shave_says:𐑜𐑮𐑭𐑯
gui	𐑜𐑵𐑦	ɡˈuːi	UNC	RSSB	89	shave_says:𐑜𐑢𐑦
gunge	𐑜𐑳𐑯𐑡	ɡˈʌndʒ	UNC	RSSB	89	shave_says:𐑜𐑳𐑯𐑡𐑦
gzip	𐑡𐑰𐑟𐑦𐑐	dʒˈiːzˌɪp	UNC	RSSB	89	shave_says:gzip
handouts	𐑣𐑨𐑯𐑛𐑬𐑑𐑕	hˈændaʊts	UNC	RSSB	89	shave_says:𐑣𐑨𐑯𐑛𐑬𐑑𐑟
happisburgh	𐑣𐑱𐑟𐑚𐑮𐑩	heɪzbrə	UNC	RSSB	89	shave_says:𐑣𐑨𐑐𐑦𐑕𐑚𐑼𐑩
helena	𐑣𐑧𐑤𐑩𐑯𐑩	hˈelənə	UNC	RSSB	89	shave_says:𐑣𐑧𐑤𐑧𐑯𐑩
henderson	𐑣𐑧𐑯𐑛𐑼𐑕𐑼𐑯	hendəRsəRn	UNC	RSSB	89	shave_says:𐑣𐑧𐑯𐑛𐑼𐑕𐑩𐑯
herpes	𐑣𐑻𐑐𐑦𐑟	hɜːRpiz	UNC	RSSB	89	shave_says:𐑣𐑻𐑐𐑰𐑟
herstmonceux	𐑣𐑻𐑕𐑥𐑩𐑯𐑟𐑵	hɜːRsmənzuː	UNC	RSSB	89	shave_says:𐑣𐑻𐑕𐑑𐑥𐑪𐑯𐑕𐑴
herstmonceux	𐑣𐑻𐑕𐑥𐑩𐑯𐑕𐑵	hɜːRsmənsuː	UNC	RSSB	89	shave_says:𐑣𐑻𐑕𐑑𐑥𐑪𐑯𐑕𐑴
homogenous	𐑣𐑩𐑥𐑪𐑡𐑦𐑯𐑩𐑕	həmˈɒdʒɪnəs	UNC	RSSB	89	shave_says:𐑣𐑴𐑥𐑪𐑡𐑩𐑯𐑩𐑕
homogenous	𐑣𐑪𐑥𐑩𐑡𐑰𐑯𐑾𐑕	hˌɒmədʒˈiːnɪəs	UNC	RSSB	89	shave_says:𐑣𐑴𐑥𐑪𐑡𐑩𐑯𐑩𐑕
homogenous	𐑣𐑴𐑥𐑩𐑡𐑰𐑯𐑾𐑕	hˌəʊmədʒˈiːnɪəs	UNC	RSSB	89	shave_says:𐑣𐑴𐑥𐑪𐑡𐑩𐑯𐑩𐑕
hough	𐑣𐑪𐑒	hˈɒk	UNC	RSSB	89	shave_says:𐑣𐑳𐑓
how-to	𐑣𐑬𐑑𐑵	hˈaʊtuː	UNC	RSSB	89	shave_says:𐑣𐑬-𐑑
hyundai	𐑣𐑲𐑵𐑯𐑛𐑲	haɪˈuːndaɪ	UNC	RSSB	89	shave_says:𐑣𐑳𐑯𐑛𐑱
hyundai	𐑣𐑘𐑳𐑯𐑛𐑱	hjˈʌndˌeɪ	UNC	RSSB	89	shave_says:𐑣𐑳𐑯𐑛𐑱
inflamation	𐑦𐑯𐑓𐑤𐑩𐑥𐑱𐑖𐑩𐑯	ɪnfləmˈeɪʃən	UNC	RSSB	89	shave_says:𐑦𐑯𐑓𐑤𐑱𐑥𐑱𐑖𐑩𐑯
inverclyde	𐑦𐑯𐑝𐑼𐑒𐑤𐑲𐑛	ɪnvəRklaɪd	UNC	RSSB	89	shave_says:inverclyde
islay	𐑲𐑤𐑱	ˈaɪlˌeɪ	UNC	RSSB	89	shave_says:𐑦𐑟𐑤𐑱
isleworth	𐑲𐑟𐑩𐑤𐑢𐑻𐑔	aɪzəlwɜːRθ	UNC	RSSB	89	shave_says:𐑲𐑤𐑢𐑼𐑔
julien	𐑡𐑵𐑤𐑾𐑯	dʒˈuːlɪən	UNC	RSSB	89	shave_says:𐑡𐑵𐑤𐑦𐑧𐑯
jus	𐑡𐑵	dʒˈuː	UNC	RSSB	89	shave_says:𐑠𐑵𐑕
jus	𐑡𐑳𐑕	dʒˈʌs	UNC	RSSB	89	shave_says:𐑠𐑵𐑕
kennedy	𐑒𐑧𐑯𐑦𐑛𐑦	kˈenɪdi	UNC	RSSB	89	shave_says:𐑒𐑧𐑯𐑩𐑛𐑦
kosovo	𐑒𐑪𐑕𐑩𐑝𐑴	kˈɒsəvəʊ	UNC	RSSB	89	shave_says:𐑒𐑴𐑕𐑴𐑝𐑴
ladyboy	𐑤𐑱𐑛𐑰𐑚𐑶	lˈeɪdiːbˌɔɪ	UNC	RSSB	89	shave_says:𐑤𐑱𐑛𐑦𐑚𐑶
laurent	𐑤𐑪𐑮𐑼𐑯𐑑	lɒrəRnt	UNC	RSSB	89	shave_says:𐑤𐑹𐑩𐑯𐑑
lichtenstein	𐑤𐑦𐑒𐑑𐑩𐑯𐑕𐑑𐑲𐑯	lˈɪktənstˌaɪn	UNC	RSSB	89	shave_says:𐑤𐑦𐑣𐑒𐑖𐑩𐑯𐑕𐑑𐑲𐑯
ljubliana	𐑤𐑿𐑚𐑤𐑘𐑭𐑯𐑩	ljˈuːbljˈɑːnə	UNC	RSSB	89	shave_says:𐑤𐑿𐑚𐑤𐑾𐑯𐑩
ljubliana	𐑤𐑵𐑚𐑤𐑘𐑭𐑯𐑩	lˈuːbljˈɑːnə	UNC	RSSB	89	shave_says:𐑤𐑿𐑚𐑤𐑾𐑯𐑩
lopez	𐑤𐑴𐑐𐑧𐑟	lˈəʊpez	UNC	RSSB	89	shave_says:𐑤𐑴𐑐𐑧𐑔
loughton	𐑤𐑬𐑑𐑩𐑯	lˈaʊtən	UNC	RSSB	89	shave_says:𐑤𐑪𐑣𐑒𐑑𐑩𐑯
macho	𐑥𐑨𐑗𐑴	mˈætʃəʊ	UNC	RSSB	89	shave_says:𐑥𐑭𐑗𐑴
madison	𐑥𐑨𐑛𐑦𐑕𐑩𐑯	mˈædɪsən	UNC	RSSB	89	shave_says:𐑥𐑨𐑛𐑦𐑖𐑩𐑯
maldives	𐑥𐑷𐑤𐑛𐑰𐑝𐑟	mˈɔːldiːvz	UNC	RSSB	89	shave_says:𐑥𐑭𐑤𐑛𐑰𐑝𐑟
mambo	𐑥𐑨𐑥𐑚𐑴	mˈæmbəʊ	UNC	RSSB	89	shave_says:𐑥𐑭𐑥𐑚𐑴
maneuvre	𐑥𐑩𐑯𐑵𐑝𐑼	mənuːvəR	UNC	RSSB	89	shave_says:maneuvre
mariah	𐑥𐑼𐑲𐑩	məraɪə	UNC	RSSB	89	shave_says:𐑥𐑺𐑾
marylebone	𐑥𐑨𐑮𐑦𐑚𐑩𐑯	mærɪbən	UNC	RSSB	89	shave_says:𐑥𐑸𐑤𐑦𐑚𐑩𐑯
marylebone	𐑥𐑨𐑮𐑦𐑤𐑦𐑚𐑴𐑯	mærɪlɪbəʊn	UNC	RSSB	89	shave_says:𐑥𐑸𐑤𐑦𐑚𐑩𐑯
marylebone	𐑥𐑨𐑮𐑦𐑤𐑩𐑚𐑩𐑯	mærɪləbən	UNC	RSSB	89	shave_says:𐑥𐑸𐑤𐑦𐑚𐑩𐑯
maven	𐑥𐑱𐑝𐑩𐑯	mˈeɪvən	UNC	RSSB	89	shave_says:𐑥𐑱𐑝𐑦𐑯
maxwell	𐑥𐑨𐑒𐑕𐑢𐑩𐑤	mˈækswəl	UNC	RSSB	89	shave_says:𐑥𐑨𐑒𐑕𐑢𐑧𐑤
mazda	𐑥𐑨𐑟𐑛𐑩	mˈæzdə	UNC	RSSB	89	shave_says:𐑥𐑭𐑟𐑛𐑩
meow	𐑥𐑦𐑬	mɪˈaʊ	UNC	RSSB	89	shave_says:𐑥𐑰𐑬
mercedes	𐑥𐑼𐑕𐑱𐑛𐑰𐑟	məRseɪdiːz	UNC	RSSB	89	shave_says:𐑥𐑻𐑕𐑱𐑛𐑦𐑟
merseyside	𐑥𐑻𐑟𐑦𐑕𐑲𐑛	mɜːRzɪsaɪd	UNC	RSSB	89	shave_says:𐑥𐑻𐑕𐑦𐑕𐑲𐑛
mhm	𐑩𐑥𐑣𐑩𐑥	əmhəm	UNC	RSSB	89	shave_says:mhm
mia	𐑥𐑰𐑩	mˈiːə	UNC	RSSB	89	shave_says:𐑥𐑾
mitsubishi	𐑥𐑦𐑑𐑕𐑫𐑚𐑦𐑖𐑦	mˌɪtsʊbˈɪʃi	UNC	RSSB	89	shave_says:𐑥𐑦𐑑𐑕𐑵𐑚𐑰𐑖𐑦
moldova	𐑥𐑪𐑤𐑛𐑴𐑝𐑩	mˌɒldˈəʊvə	UNC	RSSB	89	shave_says:𐑥𐑴𐑤𐑛𐑴𐑝𐑩
monroe	𐑥𐑩𐑯𐑮𐑴	mənrəʊ	UNC	RSSB	89	shave_says:𐑥𐑳𐑯𐑮𐑴
montenegro	𐑥𐑪𐑯𐑑𐑦𐑯𐑰𐑜𐑮𐑴	mɒntɪniːɡrəʊ	UNC	RSSB	89	shave_says:𐑥𐑪𐑯𐑑𐑩𐑯𐑱𐑜𐑮𐑴
montgomery	𐑥𐑩𐑯𐑑𐑜𐑳𐑥𐑼𐑦	məntɡʌməri	UNC	RSSB	89	shave_says:𐑥𐑪𐑯𐑑𐑜𐑪𐑥𐑼𐑦
mozart	𐑥𐑴𐑟𐑸𐑑	məʊzɑːRt	UNC	RSSB	89	shave_says:𐑥𐑴𐑑𐑕𐑸𐑑
muir	𐑥𐑘𐑩𐑼	mjəəR	UNC	RSSB	89	shave_says:𐑥𐑿𐑼
mumbai	𐑥𐑫𐑥𐑚𐑲	mˌʊmbˈaɪ	UNC	RSSB	89	shave_says:𐑥𐑳𐑥𐑚𐑲
mutatant	𐑥𐑿𐑑𐑩𐑯𐑑	mjuːtənt	UNC	RSSB	89	shave_says:𐑥𐑿𐑑𐑭𐑑𐑩𐑯𐑑
nicosia	𐑯𐑦𐑒𐑩𐑕𐑰𐑩	nˌɪkəsˈiːə	UNC	RSSB	89	shave_says:𐑯𐑦𐑒𐑩𐑕𐑾
nissan	𐑯𐑦𐑕𐑨𐑯	nˈɪsæn	UNC	RSSB	89	shave_says:𐑯𐑰𐑕𐑭𐑯
north-east	𐑯𐑹𐑔𐑰𐑕𐑑	nɔːRθiːst	UNC	RSSB	89	shave_says:𐑯𐑹𐑔-𐑰𐑕𐑑
north-west	𐑯𐑹𐑔𐑢𐑧𐑕𐑑	nɔːRθwest	UNC	RSSB	89	shave_says:𐑯𐑹𐑔-𐑢𐑧𐑕𐑑
oldbury	𐑴𐑤𐑛𐑚𐑮𐑦	əʊldbri	UNC	RSSB	89	shave_says:𐑴𐑤𐑛𐑚𐑼𐑦
omaha	𐑴𐑥𐑩𐑣𐑭	ˈəʊməhˌɑː	UNC	RSSB	89	shave_says:𐑴𐑥𐑩𐑣𐑩
omelete	𐑪𐑥𐑤𐑦𐑑	ˈɒmlɪt	UNC	RSSB	89	shave_says:𐑴𐑥𐑧𐑤𐑰𐑑
orangutan	𐑹𐑨𐑙𐑫𐑑𐑨𐑯	ɔːræŋʊtæn	UNC	RSSB	89	shave_says:𐑹𐑨𐑙𐑩𐑑𐑨𐑯
orangutan	𐑼𐑨𐑙𐑫𐑑𐑨𐑯	əræŋʊtæn	UNC	RSSB	89	shave_says:𐑹𐑨𐑙𐑩𐑑𐑨𐑯
orangutang	𐑹𐑨𐑙𐑫𐑑𐑨𐑙	ɔːræŋʊtæŋ	UNC	RSSB	89	shave_says:𐑹𐑨𐑙𐑩𐑑𐑨𐑙
orangutang	𐑼𐑨𐑙𐑫𐑑𐑨𐑙	əræŋʊtæŋ	UNC	RSSB	89	shave_says:𐑹𐑨𐑙𐑩𐑑𐑨𐑙
pall mall	𐑐𐑨𐑤𐑥𐑨𐑤	pˈælmˈæl	UNC	RSSB	89	shave_says:𐑐𐑷𐑤 𐑥𐑷𐑤
paradigmatic	𐑐𐑨𐑮𐑼𐑛𐑦𐑜𐑥𐑨𐑑𐑦𐑒	pærəRdɪɡmætɪk	UNC	RSSB	89	shave_says:𐑐𐑨𐑮𐑩𐑛𐑦𐑜𐑥𐑨𐑑𐑦𐑒
paren	𐑐𐑼𐑧𐑯	pəren	UNC	RSSB	89	shave_says:𐑐𐑺𐑩𐑯
parens	𐑐𐑼𐑧𐑯𐑕	pərens	UNC	RSSB	89	shave_says:𐑐𐑺𐑩𐑯𐑟
pembrokshire	𐑐𐑧𐑥𐑚𐑮𐑫𐑒𐑖𐑼	pembrʊkʃəR	UNC	RSSB	89	shave_says:𐑐𐑧𐑥𐑚𐑮𐑪𐑒𐑖𐑼
pentium	𐑐𐑧𐑯𐑑𐑾𐑥	pˈentɪəm	UNC	RSSB	89	shave_says:𐑐𐑧𐑯𐑖𐑩𐑥
peugeot	𐑐𐑻𐑠𐑴	pˈɜːʒəʊ	UNC	RSSB	89	shave_says:𐑐𐑵𐑠𐑴
physalis	𐑓𐑲𐑕𐑱𐑤𐑦𐑕	faɪsˈeɪlɪs	UNC	RSSB	89	shave_says:𐑓𐑦𐑟𐑨𐑤𐑦𐑕
physalis	𐑓𐑦𐑕𐑩𐑤𐑦𐑕	fˈɪsəlɪs	UNC	RSSB	89	shave_says:𐑓𐑦𐑟𐑨𐑤𐑦𐑕
physalis	𐑓𐑲𐑕𐑩𐑤𐑦𐑕	fˈaɪsəlɪs	UNC	RSSB	89	shave_says:𐑓𐑦𐑟𐑨𐑤𐑦𐑕
physio	𐑓𐑦𐑟𐑾𐑫	fˈɪzɪəʊ	UNC	RSSB	89	shave_says:𐑓𐑦𐑟𐑦𐑴
plaistow	𐑐𐑤𐑭𐑕𐑑𐑴	plˈɑːstəʊ	UNC	RSSB	89	shave_says:𐑐𐑤𐑨𐑕𐑑𐑴
podgorica	𐑐𐑪𐑛𐑜𐑼𐑦𐑑𐑕𐑩	pɒdɡərɪtsə	UNC	RSSB	89	shave_says:𐑐𐑪𐑛𐑜𐑼𐑰𐑑𐑕𐑩
podgorica	𐑐𐑪𐑛𐑜𐑹𐑦𐑑𐑕𐑩	pɒdɡɔːrɪtsə	UNC	RSSB	89	shave_says:𐑐𐑪𐑛𐑜𐑼𐑰𐑑𐑕𐑩
ponteland	𐑐𐑪𐑯𐑑𐑰𐑤𐑩𐑯𐑛	pɒntˈiːlənd	UNC	RSSB	89	shave_says:𐑐𐑴𐑯𐑑𐑧𐑤𐑨𐑯𐑛
poofter	𐑐𐑫𐑓𐑑𐑼	pʊftəR	UNC	RSSB	89	shave_says:𐑐𐑵𐑓𐑑𐑼
porsche	𐑐𐑹𐑖	pɔːRʃ	UNC	RSSB	89	shave_says:𐑐𐑹𐑖𐑩
post-war	𐑐𐑴𐑕𐑑𐑢𐑹	pəʊstwɔːR	UNC	RSSB	89	shave_says:𐑐𐑴𐑕𐑑-𐑢𐑹
preset	𐑐𐑮𐑦𐑕𐑧𐑑	prɪset	UNC	RSSB	89	shave_says:𐑐𐑮𐑰𐑕𐑧𐑑
pristina	𐑐𐑮𐑰𐑖𐑑𐑦𐑯𐑩	priːʃtɪnə	UNC	RSSB	89	shave_says:𐑐𐑮𐑦𐑕𐑑𐑰𐑯𐑩
quinoa	𐑒𐑰𐑯𐑢𐑭	kˈiːnwɑː	UNC	RSSB	89	shave_says:𐑒𐑢𐑰𐑯𐑴𐑩
quinoa	𐑒𐑰𐑯𐑴𐑩	kˈiːnəʊə	UNC	RSSB	89	shave_says:𐑒𐑢𐑰𐑯𐑴𐑩
raleigh	𐑮𐑷𐑤𐑦	rɔːli	UNC	RSSB	89	shave_says:𐑮𐑭𐑤𐑦
ramen	𐑮𐑭𐑥𐑩𐑯	rɑːmən	UNC	RSSB	89	shave_says:𐑮𐑭𐑥𐑧𐑯
re-sign	𐑮𐑰𐑕𐑲𐑯	riːsaɪn	UNC	RSSB	89	shave_says:𐑮𐑰-𐑕𐑲𐑯
re-sort	𐑮𐑰𐑕𐑹𐑑	riːsɔːRt	UNC	RSSB	89	shave_says:𐑮𐑰-sort
redcurrant	𐑮𐑧𐑛𐑒𐑳𐑮𐑼𐑯𐑑	redkʌrəRnt	UNC	RSSB	89	shave_says:𐑮𐑧𐑛𐑒𐑳𐑮𐑩𐑯𐑑
refinance	𐑮𐑰𐑓𐑦𐑯𐑨𐑯𐑕	riːfɪnæns	UNC	RSSB	89	shave_says:𐑮𐑰𐑓𐑲𐑯𐑨𐑯𐑕
romeo	𐑮𐑴𐑥𐑾𐑫	rəʊmɪəʊ	UNC	RSSB	89	shave_says:𐑮𐑴𐑥𐑴
roommate	𐑮𐑵𐑥𐑱𐑑	ruːmeɪt	UNC	RSSB	89	shave_says:𐑮𐑵𐑥𐑥𐑱𐑑
roommates	𐑮𐑵𐑥𐑱𐑑𐑕	ruːmeɪts	UNC	RSSB	89	shave_says:𐑮𐑵𐑥𐑥𐑱𐑑𐑕
router	𐑮𐑬𐑑𐑼	raʊtəR	UNC	RSSB	89	shave_says:𐑮𐑵𐑑𐑼
routers	𐑮𐑬𐑑𐑼𐑟	raʊtəRz	UNC	RSSB	89	shave_says:𐑮𐑵𐑑𐑼𐑟
ruislip	𐑮𐑲𐑕𐑤𐑦𐑐	raɪslɪp	UNC	RSSB	89	shave_says:𐑮𐑵𐑧𐑕𐑤𐑦𐑐
saddam	𐑕𐑨𐑛𐑨𐑥	sædˈæm	UNC	RSSB	89	shave_says:𐑕𐑩𐑛𐑭𐑥
sainsbury	𐑕𐑱𐑯𐑟𐑚𐑮𐑦	seɪnzbri	UNC	RSSB	89	shave_says:𐑕𐑱𐑯𐑟𐑚𐑼𐑦
salsa	𐑕𐑨𐑤𐑕𐑩	sˈælsə	UNC	RSSB	89	shave_says:𐑕𐑭𐑤𐑕𐑩
scuba	𐑕𐑒𐑿𐑚𐑩	skjˈuːbə	UNC	RSSB	89	shave_says:𐑕𐑒𐑵𐑚𐑩
semi-final	𐑕𐑧𐑥𐑦𐑓𐑲𐑯𐑩𐑤	sˌemɪfˈaɪnəl	UNC	RSSB	89	shave_says:𐑕𐑧𐑥𐑦-𐑓𐑲𐑯𐑩𐑤
serif	𐑕𐑧𐑮𐑦𐑓	serɪf	UNC	RSSB	89	shave_says:𐑕𐑼𐑦𐑓
she-male	𐑖𐑰𐑥𐑱𐑤	ʃˈiːmˌeɪl	UNC	RSSB	89	shave_says:𐑖𐑰-𐑥𐑱𐑤
she-males	𐑖𐑰𐑥𐑱𐑤𐑟	ʃˈiːmˌeɪlz	UNC	RSSB	89	shave_says:𐑖𐑰-𐑥𐑱𐑤𐑟
shh	𐑖	ʃ	UNC	RSSB	89	shave_says:𐑖𐑖
south-west	𐑕𐑬𐑔𐑢𐑧𐑕𐑑	sˌaʊθwˈest	UNC	RSSB	89	shave_says:𐑕𐑬𐑔-𐑢𐑧𐑕𐑑
streatham	𐑕𐑑𐑮𐑧𐑑𐑩𐑥	stretəm	UNC	RSSB	89	shave_says:𐑕𐑑𐑮𐑧𐑖𐑩𐑥
subaru	𐑕𐑫𐑚𐑸𐑵	sʊbɑːruː	UNC	RSSB	89	shave_says:𐑕𐑵𐑚𐑸𐑵
superflous	𐑕𐑵𐑐𐑻𐑓𐑤𐑫𐑼𐑕	suːpɜːRflʊəRs	UNC	RSSB	89	shave_says:𐑕𐑵𐑐𐑼𐑓𐑤𐑩𐑕
supremacist	𐑕𐑫𐑐𐑮𐑧𐑥𐑩𐑕𐑦𐑕𐑑	sʊpreməsɪst	UNC	RSSB	89	shave_says:𐑕𐑵𐑐𐑮𐑧𐑥𐑩𐑕𐑦𐑕𐑑
supremacist	𐑕𐑘𐑩𐑐𐑮𐑧𐑥𐑩𐑕𐑦𐑕𐑑	sjəpreməsɪst	UNC	RSSB	89	shave_says:𐑕𐑵𐑐𐑮𐑧𐑥𐑩𐑕𐑦𐑕𐑑
suzuki	𐑕𐑩𐑟𐑵𐑒𐑦	səzˈuːki	UNC	RSSB	89	shave_says:𐑕𐑵𐑟𐑵𐑒𐑦
tallinn	𐑑𐑨𐑤𐑦𐑯	tˈælɪn	UNC	RSSB	89	shave_says:𐑑𐑭𐑤𐑦𐑯
tex-mex	𐑑𐑧𐑒𐑕𐑥𐑧𐑒𐑕	tˈeksmˌeks	UNC	RSSB	89	shave_says:𐑑𐑧𐑒𐑕-𐑥𐑧𐑒𐑕
tideswell	𐑑𐑦𐑛𐑕𐑩𐑤	tˈɪdsəl	UNC	RSSB	89	shave_says:𐑑𐑲𐑛𐑟𐑢𐑧𐑤
tirana	𐑑𐑦𐑮𐑭𐑯𐑩	tɪrɑːnə	UNC	RSSB	89	shave_says:𐑑𐑽𐑭𐑯𐑩
torfaen	𐑑𐑹𐑝𐑨𐑯	tɔːRvæn	UNC	RSSB	89	shave_says:𐑑𐑹𐑓𐑩𐑩𐑯
toyota	𐑑𐑴𐑘𐑴𐑑𐑩	təʊjˈəʊtə	UNC	RSSB	89	shave_says:𐑑𐑶𐑴𐑑𐑩
transexual	𐑑𐑮𐑨𐑯𐑟𐑕𐑧𐑒𐑖𐑫𐑼𐑤	trænzsekʃʊəRl	UNC	RSSB	89	shave_says:𐑑𐑮𐑨𐑯𐑟𐑕𐑧𐑒𐑖𐑫𐑩𐑤
troubleshooting	𐑑𐑮𐑳𐑚𐑩𐑤𐑖𐑵𐑑𐑦𐑙	trʌbəlʃuːtɪŋ	UNC	RSSB	89	shave_says:𐑑𐑮𐑳𐑚𐑩𐑤𐑖𐑫𐑑𐑦𐑙
tuple	𐑑𐑳𐑐𐑩𐑤	tˈʌpəl	UNC	RSSB	89	shave_says:𐑑𐑿𐑐𐑩𐑤
un-parentheses	𐑳𐑯𐑐𐑼𐑧𐑯𐑔𐑦𐑕𐑰𐑟	ʌnpərenθɪsiːz	UNC	RSSB	89	shave_says:𐑿𐑧𐑯-𐑐𐑼𐑧𐑯𐑔𐑩𐑕𐑰𐑟
upskirt	𐑳𐑐𐑕𐑒𐑻𐑑	ʌpskɜːRt	UNC	RSSB	89	shave_says:𐑿𐑐𐑕𐑒𐑻𐑑
uzbekistan	𐑫𐑟𐑚𐑧𐑒𐑦𐑕𐑑𐑭𐑯	ʊzbˌekɪstˈɑːn	UNC	RSSB	89	shave_says:𐑵𐑟𐑚𐑧𐑒𐑦𐑕𐑑𐑭𐑯
uzbekistan	𐑳𐑟𐑚𐑧𐑒𐑦𐑕𐑑𐑭𐑯	ʌzbˌekɪstˈɑːn	UNC	RSSB	89	shave_says:𐑵𐑟𐑚𐑧𐑒𐑦𐑕𐑑𐑭𐑯
valetta	𐑝𐑩𐑤𐑧𐑑𐑩	vəlˈetə	UNC	RSSB	89	shave_says:𐑝𐑨𐑤𐑱𐑩
vauxhall	𐑝𐑪𐑒𐑕𐑣𐑷𐑤	vˈɒkshˌɔːl	UNC	RSSB	89	shave_says:𐑝𐑪𐑒𐑕𐑷𐑤
vice-president	𐑝𐑲𐑕𐑐𐑮𐑧𐑟𐑦𐑛𐑩𐑯𐑑	vaɪsprezɪdənt	UNC	RSSB	89	shave_says:𐑝𐑲𐑕-𐑐𐑮𐑧𐑟𐑦𐑛𐑩𐑯𐑑
video-taped	𐑝𐑦𐑛𐑾𐑫𐑑𐑱𐑐𐑑	vˈɪdɪəʊtˌeɪpt	UNC	RSSB	89	shave_says:𐑝𐑦𐑛𐑦𐑴-taped
vilnius	𐑝𐑦𐑤𐑯𐑦𐑫𐑕	vˈɪlnɪʊs	UNC	RSSB	89	shave_says:𐑝𐑦𐑤𐑯𐑾𐑕
waltham	𐑢𐑷𐑤𐑔𐑩𐑥	wˈɔːlθəm	UNC	RSSB	89	shave_says:𐑢𐑷𐑤𐑔𐑨𐑥
warcraft	𐑢𐑹𐑒𐑮𐑸𐑓𐑑	wɔːRkrɑːRft	UNC	RSSB	89	shave_says:𐑢𐑹𐑒𐑮𐑨𐑓𐑑
watercraft	𐑢𐑷𐑑𐑼𐑒𐑮𐑭𐑓𐑑	wɔːtəRkrɑːft	UNC	RSSB	89	shave_says:𐑢𐑷𐑑𐑼𐑒𐑮𐑨𐑓𐑑
webmaster	𐑢𐑧𐑚𐑥𐑭𐑕𐑑𐑼	webmɑːstəR	UNC	RSSB	89	shave_says:𐑢𐑧𐑚𐑥𐑨𐑕𐑑𐑼
wesley	𐑢𐑧𐑟𐑤𐑦	wˈezli	UNC	RSSB	89	shave_says:𐑢𐑧𐑕𐑤𐑦
wherewhithal	𐑢𐑺𐑢𐑦𐑞𐑷𐑤	weəRwɪðɔːl	UNC	RSSB	89	shave_says:𐑢𐑺𐑢𐑦𐑔𐑩𐑤
whoops-a-daisy	𐑢𐑵𐑐𐑕𐑩𐑛𐑱𐑟𐑦	wˈuːpsədˌeɪzi	UNC	RSSB	89	shave_says:𐑣𐑵𐑐𐑕-𐑩-𐑛𐑱𐑟𐑦
wichita	𐑢𐑦𐑗𐑦𐑑𐑷	wˈɪtʃɪtˌɔː	UNC	RSSB	89	shave_says:𐑢𐑦𐑗𐑦𐑑𐑭
widecombe	𐑢𐑦𐑛𐑦𐑒𐑩𐑥	wˈɪdɪkəm	UNC	RSSB	89	shave_says:𐑢𐑲𐑛𐑒𐑩𐑥
wies	𐑢𐑲𐑟	wˈaɪz	UNC	RSSB	89	shave_says:𐑢𐑦𐑟
woops	𐑢𐑵𐑐𐑕	wˈuːps	UNC	RSSB	89	shave_says:𐑢𐑫𐑐𐑕
woughton	𐑢𐑵𐑓𐑑𐑩𐑯	wˈuːftən	UNC	RSSB	89	shave_says:woughton
ferrari	𐑓𐑼𐑸𐑦	fərɑːri	UNC	RSSB	95	r_gap:spelling=3,ipa=2; shave_agrees
marriott	𐑥𐑨𐑮𐑾𐑑	mærɪət	UNC	RSSB	95	r_gap:spelling=2,ipa=1; shave_agrees
faeroes	𐑓𐑺𐑴𐑟	feərəʊz	UNC	RSSB	97	shave_agrees
faq	𐑓𐑨𐑒	fˈæk	UNC	RSSB	97	shave_agrees
faqs	𐑓𐑨𐑒𐑕	fˈæks	UNC	RSSB	97	shave_agrees
fay	𐑓𐑱	fˈeɪ	UNC	RSSB	97	shave_agrees
fella	𐑓𐑧𐑤𐑩	fˈelə	UNC	RSSB	97	shave_agrees
feller	𐑓𐑧𐑤𐑼	feləR	UNC	RSSB	97	shave_agrees
fest	𐑓𐑧𐑕𐑑	fˈest	UNC	RSSB	97	shave_agrees
firmware	𐑓𐑻𐑥𐑢𐑺	fɜːRmweəR	UNC	RSSB	97	shave_agrees
flashers	𐑓𐑤𐑨𐑖𐑼𐑟	flæʃəRz	UNC	RSSB	97	shave_agrees
floyd	𐑓𐑤𐑶𐑛	flˈɔɪd	UNC	RSSB	97	shave_agrees
foo	𐑓𐑵	fˈuː	UNC	RSSB	97	shave_agrees
freeware	𐑓𐑮𐑰𐑢𐑺	friːweəR	UNC	RSSB	97	shave_agrees
freud	𐑓𐑮𐑶𐑛	frɔɪd	UNC	RSSB	97	shave_agrees
frigging	𐑓𐑮𐑦𐑜𐑦𐑙	frɪɡɪŋ	UNC	RSSB	97	shave_agrees
fuji	𐑓𐑵𐑡𐑦	fˈuːdʒi	UNC	RSSB	97	shave_agrees
gail	𐑜𐑱𐑤	ɡˈeɪl	UNC	RSSB	97	shave_agrees
gangbang	𐑜𐑨𐑙𐑚𐑨𐑙	ɡˈæŋbˌæŋ	UNC	RSSB	97	shave_agrees
gemma	𐑡𐑧𐑥𐑩	dʒˈemə	UNC	RSSB	97	shave_agrees
germain	𐑡𐑻𐑥𐑱𐑯	dʒɜːRmeɪn	UNC	RSSB	97	shave_agrees
germaine	𐑡𐑼𐑥𐑱𐑯	dʒəRmeɪn	UNC	RSSB	97	shave_agrees
gibson	𐑜𐑦𐑚𐑕𐑩𐑯	ɡˈɪbsən	UNC	RSSB	97	shave_agrees
gif	𐑜𐑦𐑓	ɡˈɪf	UNC	RSSB	97	shave_agrees
git	𐑜𐑦𐑑	ɡˈɪt	UNC	RSSB	97	shave_agrees
gizmo	𐑜𐑦𐑟𐑥𐑴	ɡˈɪzməʊ	UNC	RSSB	97	shave_agrees
glenn	𐑜𐑤𐑧𐑯	ɡlˈen	UNC	RSSB	97	shave_agrees
globalisation	𐑜𐑤𐑴𐑚𐑩𐑤𐑲𐑟𐑱𐑖𐑩𐑯	ɡlˌəʊbəlaɪzˈeɪʃən	UNC	RSSB	97	shave_agrees
globalization	𐑜𐑤𐑴𐑚𐑩𐑤𐑲𐑟𐑱𐑖𐑩𐑯	ɡlˌəʊbəlaɪzˈeɪʃən	UNC	RSSB	97	shave_agrees
gobsmacked	𐑜𐑪𐑚𐑕𐑥𐑨𐑒𐑑	ɡˈɒbsmˌækt	UNC	RSSB	97	shave_agrees
goddamn	𐑜𐑪𐑛𐑛𐑨𐑥	ɡˈɒddˌæm	UNC	RSSB	97	shave_agrees
goto	𐑜𐑴𐑑𐑵	ɡˈəʊtuː	UNC	RSSB	97	shave_agrees
grad	𐑜𐑮𐑨𐑛	ɡræd	UNC	RSSB	97	shave_agrees
graham	𐑜𐑮𐑱𐑩𐑥	ɡreɪəm	UNC	RSSB	97	shave_agrees
gras	𐑜𐑮𐑭	ɡrɑː	UNC	RSSB	97	shave_agrees
greenbelt	𐑜𐑮𐑰𐑯𐑚𐑧𐑤𐑑	ɡriːnbelt	UNC	RSSB	97	shave_agrees
gripe	𐑜𐑮𐑲𐑐	ɡraɪp	UNC	RSSB	97	shave_agrees
guam	𐑜𐑢𐑭𐑥	ɡwˈɑːm	UNC	RSSB	97	shave_agrees
guestbook	𐑜𐑧𐑕𐑑𐑚𐑫𐑒	ɡˈestbˌʊk	UNC	RSSB	97	shave_agrees
hampton	𐑣𐑨𐑥𐑐𐑑𐑩𐑯	hˈæmptən	UNC	RSSB	97	shave_agrees
handheld	𐑣𐑨𐑯𐑛𐑣𐑧𐑤𐑛	hˈændhˌeld	UNC	RSSB	97	shave_agrees
handhelds	𐑣𐑨𐑯𐑛𐑣𐑧𐑤𐑛𐑟	hˈændhˌeldz	UNC	RSSB	97	shave_agrees
handjob	𐑣𐑨𐑯𐑛𐑡𐑪𐑚	hˈænddʒˌɒb	UNC	RSSB	97	shave_agrees
handjobs	𐑣𐑨𐑯𐑛𐑡𐑪𐑚𐑟	hˈænddʒˌɒbz	UNC	RSSB	97	shave_agrees
handout	𐑣𐑨𐑯𐑛𐑬𐑑	hˈændaʊt	UNC	RSSB	97	shave_agrees
harley	𐑣𐑸𐑤𐑦	hɑːRli	UNC	RSSB	97	shave_agrees
hayes	𐑣𐑱𐑟	hˈeɪz	UNC	RSSB	97	shave_agrees
hayley	𐑣𐑱𐑤𐑦	hˈeɪli	UNC	RSSB	97	shave_agrees
headquarter	𐑣𐑧𐑛𐑒𐑢𐑹𐑑𐑼	hedkwɔːRtəR	UNC	RSSB	97	shave_agrees
heidi	𐑣𐑲𐑛𐑦	hˈaɪdi	UNC	RSSB	97	shave_agrees
heist	𐑣𐑲𐑕𐑑	hˈaɪst	UNC	RSSB	97	shave_agrees
helix	𐑣𐑰𐑤𐑦𐑒𐑕	hˈiːlɪks	UNC	RSSB	97	shave_agrees
hentai	𐑣𐑧𐑯𐑑𐑲	hˈentaɪ	UNC	RSSB	97	shave_agrees
hewlett	𐑣𐑿𐑤𐑦𐑑	hjˈuːlɪt	UNC	RSSB	97	shave_agrees
hilaire	𐑣𐑦𐑤𐑺	hɪleəR	UNC	RSSB	97	shave_agrees
hilton	𐑣𐑦𐑤𐑑𐑩𐑯	hˈɪltən	UNC	RSSB	97	shave_agrees
hispanic	𐑣𐑦𐑕𐑐𐑨𐑯𐑦𐑒	hɪspˈænɪk	UNC	RSSB	97	shave_agrees
hitachi	𐑣𐑦𐑑𐑭𐑗𐑦	hɪtˈɑːtʃi	UNC	RSSB	97	shave_agrees
hitler	𐑣𐑦𐑑𐑤𐑼	hɪtləR	UNC	RSSB	97	shave_agrees
homepage	𐑣𐑴𐑥𐑐𐑱𐑡	hˈəʊmpˌeɪdʒ	UNC	RSSB	97	shave_agrees
honolulu	𐑣𐑪𐑯𐑩𐑤𐑵𐑤𐑵	hˌɒnəlˈuːluː	UNC	RSSB	97	shave_agrees
hough	𐑣𐑳𐑓	hˈʌf	UNC	RSSB	97	shave_agrees
houmous	𐑣𐑫𐑥𐑩𐑕	hˈʊməs	UNC	RSSB	97	shave_agrees
housewares	𐑣𐑬𐑕𐑢𐑺𐑟	haʊsweəRz	UNC	RSSB	97	shave_agrees
howdy	𐑣𐑬𐑛𐑦	hˈaʊdi	UNC	RSSB	97	shave_agrees
humourous	𐑣𐑿𐑥𐑼𐑩𐑕	hjuːmərəs	UNC	RSSB	97	shave_agrees
hunky	𐑣𐑳𐑙𐑒𐑦	hˈʌŋki	UNC	RSSB	97	shave_agrees
huntington	𐑣𐑳𐑯𐑑𐑦𐑙𐑑𐑩𐑯	hˈʌntɪŋtən	UNC	RSSB	97	shave_agrees
icky	𐑦𐑒𐑦	ˈɪki	UNC	RSSB	97	shave_agrees
iffy	𐑦𐑓𐑦	ˈɪfi	UNC	RSSB	97	shave_agrees
inbox	𐑦𐑯𐑚𐑪𐑒𐑕	ˈɪnbˌɒks	UNC	RSSB	97	shave_agrees
industrialise	𐑦𐑯𐑛𐑳𐑕𐑑𐑮𐑾𐑤𐑲𐑟	ɪndʌstrɪəlaɪz	UNC	RSSB	97	shave_agrees
industrialize	𐑦𐑯𐑛𐑳𐑕𐑑𐑮𐑾𐑤𐑲𐑟	ɪndʌstrɪəlaɪz	UNC	RSSB	97	shave_agrees
inkjet	𐑦𐑙𐑒𐑡𐑧𐑑	ˈɪŋkdʒˌet	UNC	RSSB	97	shave_agrees
inline	𐑦𐑯𐑤𐑲𐑯	ˈɪnlaɪn	UNC	RSSB	97	shave_agrees
inputted	𐑦𐑯𐑐𐑫𐑑𐑩𐑛	ˈɪnpˌʊtƏd	UNC	RSSB	97	shave_agrees
intranet	𐑦𐑯𐑑𐑮𐑩𐑯𐑧𐑑	ɪntrənet	UNC	RSSB	97	shave_agrees
ipod	𐑲𐑐𐑪𐑛	ˈaɪpˌɒd	UNC	RSSB	97	shave_agrees
itunes	𐑲𐑑𐑿𐑯𐑟	ˈaɪtjˌuːnz	UNC	RSSB	97	shave_agrees
javascript	𐑡𐑭𐑝𐑩𐑕𐑒𐑮𐑦𐑐𐑑	dʒɑːvəskrɪpt	UNC	RSSB	97	shave_agrees
jeez	𐑡𐑰𐑟	dʒˈiːz	UNC	RSSB	97	shave_agrees
jon	𐑡𐑪𐑯	dʒˈɒn	UNC	RSSB	97	shave_agrees
jose	𐑣𐑴𐑟𐑱	hˌəʊzˈeɪ	UNC	RSSB	97	shave_agrees
josie	𐑡𐑴𐑟𐑦	dʒˈəʊzi	UNC	RSSB	97	shave_agrees
juan	𐑣𐑢𐑭𐑯	hwˈɑːn	UNC	RSSB	97	shave_agrees
karl	𐑒𐑸𐑤	kɑːRl	UNC	RSSB	97	shave_agrees
kathleen	𐑒𐑨𐑔𐑤𐑰𐑯	kˈæθliːn	UNC	RSSB	97	shave_agrees
katrina	𐑒𐑩𐑑𐑮𐑰𐑯𐑩	kətriːnə	UNC	RSSB	97	shave_agrees
kays	𐑒𐑱𐑟	kˈeɪz	UNC	RSSB	97	shave_agrees
ki	𐑒𐑰	kˈiː	UNC	RSSB	97	shave_agrees
kinnock	𐑒𐑦𐑯𐑩𐑒	kˈɪnək	UNC	RSSB	97	shave_agrees
kinross	𐑒𐑦𐑯𐑮𐑪𐑕	kɪnrɒs	UNC	RSSB	97	shave_agrees
kludge	𐑒𐑤𐑳𐑡	klˈʌdʒ	UNC	RSSB	97	shave_agrees
kodak	𐑒𐑴𐑛𐑨𐑒	kˈəʊdˌæk	UNC	RSSB	97	shave_agrees
korma	𐑒𐑹𐑥𐑩	kɔːRmə	UNC	RSSB	97	shave_agrees
krispies	𐑒𐑮𐑦𐑕𐑐𐑦𐑟	krɪspiz	UNC	RSSB	97	shave_agrees
kumquat	𐑒𐑳𐑥𐑒𐑢𐑪𐑑	kˈʌmkwɒt	UNC	RSSB	97	shave_agrees
kurd	𐑒𐑻𐑛	kɜːRd	UNC	RSSB	97	shave_agrees
kurt	𐑒𐑻𐑑	kɜːRt	UNC	RSSB	97	shave_agrees
kyle	𐑒𐑲𐑤	kˈaɪl	UNC	RSSB	97	shave_agrees
lambda	𐑤𐑨𐑥𐑛𐑩	lˈæmdə	UNC	RSSB	97	shave_agrees
lan	𐑤𐑨𐑯	lˈæn	UNC	RSSB	97	shave_agrees
lanarkshire	𐑤𐑨𐑯𐑼𐑒𐑖𐑼	lænəRkʃəR	UNC	RSSB	97	shave_agrees
laptop	𐑤𐑨𐑐𐑑𐑪𐑐	lˈæptˌɒp	UNC	RSSB	97	shave_agrees
laptops	𐑤𐑨𐑐𐑑𐑪𐑐𐑕	lˈæptˌɒps	UNC	RSSB	97	shave_agrees
latina	𐑤𐑨𐑑𐑰𐑯𐑩	lætˈiːnə	UNC	RSSB	97	shave_agrees
latinas	𐑤𐑨𐑑𐑰𐑯𐑩𐑟	lætˈiːnəz	UNC	RSSB	97	shave_agrees
latvia	𐑤𐑨𐑑𐑝𐑾	lˈætvɪə	UNC	RSSB	97	shave_agrees
lego	𐑤𐑧𐑜𐑴	lˈeɡəʊ	UNC	RSSB	97	shave_agrees
lemmas	𐑤𐑧𐑥𐑩𐑟	lˈeməz	UNC	RSSB	97	shave_agrees
leukemia	𐑤𐑵𐑒𐑰𐑥𐑾	luːkˈiːmɪə	UNC	RSSB	97	shave_agrees
levi	𐑤𐑰𐑝𐑲	lˈiːvaɪ	UNC	RSSB	97	shave_agrees
lifespan	𐑤𐑲𐑓𐑕𐑐𐑨𐑯	lˈaɪfspˌæn	UNC	RSSB	97	shave_agrees
lindsay	𐑤𐑦𐑯𐑛𐑟𐑦	lˈɪndzi	UNC	RSSB	97	shave_agrees
lindsey	𐑤𐑦𐑯𐑛𐑟𐑦	lˈɪndzi	UNC	RSSB	97	shave_agrees
lite	𐑤𐑲𐑑	lˈaɪt	UNC	RSSB	97	shave_agrees
liter	𐑤𐑰𐑑𐑼	liːtəR	UNC	RSSB	97	shave_agrees
locator	𐑤𐑴𐑒𐑱𐑑𐑼	ləʊkeɪtəR	UNC	RSSB	97	shave_agrees
login	𐑤𐑪𐑜𐑦𐑯	lˈɒɡɪn	UNC	RSSB	97	shave_agrees
lol	𐑤𐑪𐑤	lˈɒl	UNC	RSSB	97	shave_agrees
lookup	𐑤𐑫𐑒𐑳𐑐	lˈʊkˌʌp	UNC	RSSB	97	shave_agrees
lou	𐑤𐑵	lˈuː	UNC	RSSB	97	shave_agrees
luther	𐑤𐑵𐑔𐑼	luːθəR	UNC	RSSB	97	shave_agrees
lycra	𐑤𐑲𐑒𐑮𐑩	laɪkrə	UNC	RSSB	97	shave_agrees
lyn	𐑤𐑦𐑯	lˈɪn	UNC	RSSB	97	shave_agrees
lynda	𐑤𐑦𐑯𐑛𐑩	lˈɪndə	UNC	RSSB	97	shave_agrees
macdonald	𐑥𐑩𐑒𐑛𐑪𐑯𐑩𐑤𐑛	məkdˈɒnəld	UNC	RSSB	97	shave_agrees
macintosh	𐑥𐑨𐑒𐑦𐑯𐑑𐑪𐑖	mˈækɪntˌɒʃ	UNC	RSSB	97	shave_agrees
macro	𐑥𐑨𐑒𐑮𐑴	mækrəʊ	UNC	RSSB	97	shave_agrees
mae	𐑥𐑱	mˈeɪ	UNC	RSSB	97	shave_agrees
mainframe	𐑥𐑱𐑯𐑓𐑮𐑱𐑥	meɪnfreɪm	UNC	RSSB	97	shave_agrees
maketh	𐑥𐑱𐑒𐑩𐑔	mˈeɪkəθ	UNC	RSSB	97	shave_agrees
manga	𐑥𐑨𐑙𐑜𐑩	mˈæŋɡə	UNC	RSSB	97	shave_agrees
marc	𐑥𐑸𐑒	mɑːRk	UNC	RSSB	97	shave_agrees
marcus	𐑥𐑸𐑒𐑩𐑕	mɑːRkəs	UNC	RSSB	97	shave_agrees
margot	𐑥𐑸𐑜𐑴	mɑːRɡəʊ	UNC	RSSB	97	shave_agrees
marx	𐑥𐑸𐑒𐑕	mɑːRks	UNC	RSSB	97	shave_agrees
marylebone	𐑥𐑸𐑤𐑦𐑚𐑩𐑯	mɑːRlɪbən	UNC	RSSB	97	shave_agrees
mcdonald	𐑥𐑩𐑒𐑛𐑪𐑯𐑩𐑤𐑛	məkdˈɒnəld	UNC	RSSB	97	shave_agrees
medicaid	𐑥𐑧𐑛𐑦𐑒𐑱𐑛	mˈedɪkˌeɪd	UNC	RSSB	97	shave_agrees
meerkat	𐑥𐑽𐑒𐑨𐑑	mɪəRkæt	UNC	RSSB	97	shave_agrees
meetup	𐑥𐑰𐑑𐑳𐑐	mˈiːtʌp	UNC	RSSB	97	shave_agrees
meh	𐑥𐑧	mˈe	UNC	RSSB	97	shave_agrees
mel	𐑥𐑧𐑤	mˈel	UNC	RSSB	97	shave_agrees
melissa	𐑥𐑩𐑤𐑦𐑕𐑩	məlˈɪsə	UNC	RSSB	97	shave_agrees
mesa	𐑥𐑱𐑕𐑩	mˈeɪsə	UNC	RSSB	97	shave_agrees
micro	𐑥𐑲𐑒𐑮𐑴	maɪkrəʊ	UNC	RSSB	97	shave_agrees
midlothian	𐑥𐑦𐑛𐑤𐑴𐑞𐑾𐑯	mɪdlˈəʊðɪən	UNC	RSSB	97	shave_agrees
miffed	𐑥𐑦𐑓𐑑	mˈɪft	UNC	RSSB	97	shave_agrees
mil	𐑥𐑦𐑤	mˈɪl	UNC	RSSB	97	shave_agrees
milf	𐑥𐑦𐑤𐑓	mˈɪlf	UNC	RSSB	97	shave_agrees
milfs	𐑥𐑦𐑤𐑓𐑕	mˈɪlfs	UNC	RSSB	97	shave_agrees
miniscule	𐑥𐑦𐑯𐑦𐑕𐑒𐑿𐑤	mˈɪnɪskjˌuːl	UNC	RSSB	97	shave_agrees
mitchell	𐑥𐑦𐑗𐑩𐑤	mˈɪtʃəl	UNC	RSSB	97	shave_agrees
mommy	𐑥𐑪𐑥𐑦	mˈɒmi	UNC	RSSB	97	shave_agrees
motherfuckers	𐑥𐑳𐑞𐑼𐑓𐑳𐑒𐑼𐑟	mʌðəRfʌkəRz	UNC	RSSB	97	shave_agrees
motorola	𐑥𐑴𐑑𐑼𐑴𐑤𐑩	məʊtərəʊlə	UNC	RSSB	97	shave_agrees
mozart	𐑥𐑴𐑑𐑕𐑸𐑑	məʊtsɑːRt	UNC	RSSB	97	shave_agrees
mozilla	𐑥𐑴𐑟𐑦𐑤𐑩	mˌəʊzˈɪlə	UNC	RSSB	97	shave_agrees
mu	𐑥𐑿	mjˈuː	UNC	RSSB	97	shave_agrees
multinational	𐑥𐑳𐑤𐑑𐑦𐑯𐑨𐑖𐑩𐑯𐑩𐑤	mˌʌltɪnˈæʃənəl	UNC	RSSB	97	shave_agrees
mussle	𐑥𐑳𐑕𐑩𐑤	mˈʌsəl	UNC	RSSB	97	shave_agrees
myers	𐑥𐑲𐑼𐑟	maɪəRz	UNC	RSSB	97	shave_agrees
naff	𐑯𐑨𐑓	nˈæf	UNC	RSSB	97	shave_agrees
nana	𐑯𐑨𐑯𐑩	nˈænə	UNC	RSSB	97	shave_agrees
nascar	𐑯𐑨𐑕𐑒𐑸	næskɑːR	UNC	RSSB	97	shave_agrees
nasdaq	𐑯𐑨𐑟𐑛𐑨𐑒	nˈæzdæk	UNC	RSSB	97	shave_agrees
neo	𐑯𐑰𐑴	nˈiːəʊ	UNC	RSSB	97	shave_agrees
netscape	𐑯𐑧𐑑𐑕𐑒𐑱𐑐	nˈetskˌeɪp	UNC	RSSB	97	shave_agrees
newbie	𐑯𐑿𐑚𐑦	njˈuːbi	UNC	RSSB	97	shave_agrees
nicky	𐑯𐑦𐑒𐑦	nˈɪki	UNC	RSSB	97	shave_agrees
nicosia	𐑯𐑦𐑒𐑩𐑕𐑾	nˌɪkəsˈɪə	UNC	RSSB	97	shave_agrees
nike	𐑯𐑲𐑒𐑦	nˈaɪki	UNC	RSSB	97	shave_agrees
nile	𐑯𐑲𐑤	nˈaɪl	UNC	RSSB	97	shave_agrees
ninja	𐑯𐑦𐑯𐑡𐑩	nɪndʒə	UNC	RSSB	97	shave_agrees
nissan	𐑯𐑰𐑕𐑭𐑯	nˈiːsɑːn	UNC	RSSB	97	shave_agrees
nokia	𐑯𐑴𐑒𐑾	nˈəʊkɪə	UNC	RSSB	97	shave_agrees
norma	𐑯𐑹𐑥𐑩	nɔːRmə	UNC	RSSB	97	shave_agrees
nowt	𐑯𐑬𐑑	nˈaʊt	UNC	RSSB	97	shave_agrees
oakland	𐑴𐑒𐑤𐑩𐑯𐑛	ˈəʊklənd	UNC	RSSB	97	shave_agrees
odor	𐑴𐑛𐑼	əʊdəR	UNC	RSSB	97	shave_agrees
oi	𐑶	ˈɔɪ	UNC	RSSB	97	shave_agrees
oldy	𐑴𐑤𐑛𐑦	ˈəʊldi	UNC	RSSB	97	shave_agrees
olympus	𐑩𐑤𐑦𐑥𐑐𐑩𐑕	əlˈɪmpəs	UNC	RSSB	97	shave_agrees
ooh	𐑵	ˈuː	UNC	RSSB	97	shave_agrees
oops	𐑵𐑐𐑕	ˈuːps	UNC	RSSB	97	shave_agrees
org	𐑹𐑜	ɔːRɡ	UNC	RSSB	97	shave_agrees
orkneys	𐑹𐑒𐑯𐑦𐑟	ɔːRkniz	UNC	RSSB	97	shave_agrees
outreach	𐑬𐑑𐑮𐑰𐑗	aʊtriːtʃ	UNC	RSSB	97	shave_agrees
outsourcing	𐑬𐑑𐑕𐑹𐑕𐑦𐑙	aʊtsɔːRsɪŋ	UNC	RSSB	97	shave_agrees
ow	𐑬	ˈaʊ	UNC	RSSB	97	shave_agrees
owen	𐑴𐑩𐑯	ˈəʊən	UNC	RSSB	97	shave_agrees
oxfam	𐑪𐑒𐑕𐑓𐑨𐑥	ˈɒksfæm	UNC	RSSB	97	shave_agrees
oy	𐑶	ˈɔɪ	UNC	RSSB	97	shave_agrees
paintball	𐑐𐑱𐑯𐑑𐑚𐑷𐑤	pˈeɪntbˌɔːl	UNC	RSSB	97	shave_agrees
panasonic	𐑐𐑨𐑯𐑩𐑕𐑪𐑯𐑦𐑒	pˌænəsˈɒnɪk	UNC	RSSB	97	shave_agrees
pantyhose	𐑐𐑨𐑯𐑑𐑦𐑣𐑴𐑟	pˈæntɪhˌəʊz	UNC	RSSB	97	shave_agrees
parenting	𐑐𐑺𐑩𐑯𐑑𐑦𐑙	peərəntɪŋ	UNC	RSSB	97	shave_agrees
pediatric	𐑐𐑰𐑛𐑦𐑨𐑑𐑮𐑦𐑒	piːdɪætrɪk	UNC	RSSB	97	shave_agrees
perl	𐑐𐑻𐑤	pɜːRl	UNC	RSSB	97	shave_agrees
pesto	𐑐𐑧𐑕𐑑𐑴	pˈestəʊ	UNC	RSSB	97	shave_agrees
phi	𐑓𐑲	fˈaɪ	UNC	RSSB	97	shave_agrees
photoshop	𐑓𐑴𐑑𐑴𐑖𐑪𐑐	fˈəʊtəʊʃˌɒp	UNC	RSSB	97	shave_agrees
pic	𐑐𐑦𐑒	pˈɪk	UNC	RSSB	97	shave_agrees
picasso	𐑐𐑦𐑒𐑭𐑕𐑴	pɪkˈɑːsəʊ	UNC	RSSB	97	shave_agrees
pics	𐑐𐑦𐑒𐑕	pˈɪks	UNC	RSSB	97	shave_agrees
pikey	𐑐𐑲𐑒𐑦	pˈaɪki	UNC	RSSB	97	shave_agrees
pinky	𐑐𐑦𐑙𐑒𐑦	pˈɪŋki	UNC	RSSB	97	shave_agrees
pitta	𐑐𐑦𐑑𐑩	pˈɪtə	UNC	RSSB	97	shave_agrees
plato	𐑐𐑤𐑱𐑑𐑴	plˈeɪtəʊ	UNC	RSSB	97	shave_agrees
playlist	𐑐𐑤𐑱𐑤𐑦𐑕𐑑	plˈeɪlˌɪst	UNC	RSSB	97	shave_agrees
playstation	𐑐𐑤𐑱𐑕𐑑𐑱𐑖𐑩𐑯	plˈeɪstˌeɪʃən	UNC	RSSB	97	shave_agrees
plonker	𐑐𐑤𐑪𐑙𐑒𐑼	plɒŋkəR	UNC	RSSB	97	shave_agrees
polyhedron	𐑐𐑪𐑤𐑦𐑣𐑰𐑛𐑮𐑩𐑯	pɒlɪhiːdrən	UNC	RSSB	97	shave_agrees
poo	𐑐𐑵	pˈuː	UNC	RSSB	97	shave_agrees
pooch	𐑐𐑵𐑗	puːtʃ	UNC	RSSB	97	shave_agrees
porno	𐑐𐑹𐑯𐑴	pɔːRnəʊ	UNC	RSSB	97	shave_agrees
porsche	𐑐𐑹𐑖𐑩	pɔːRʃə	UNC	RSSB	97	shave_agrees
postings	𐑐𐑴𐑕𐑑𐑦𐑙𐑟	pˈəʊstɪŋz	UNC	RSSB	97	shave_agrees
potts	𐑐𐑪𐑑𐑕	pˈɒts	UNC	RSSB	97	shave_agrees
powerpoint	𐑐𐑬𐑼𐑐𐑶𐑯𐑑	paʊəRpɔɪnt	UNC	RSSB	97	shave_agrees
prat	𐑐𐑮𐑨𐑑	præt	UNC	RSSB	97	shave_agrees
preset	𐑐𐑮𐑰𐑕𐑧𐑑	priːset	UNC	RSSB	97	shave_agrees
princeton	𐑐𐑮𐑦𐑯𐑕𐑑𐑩𐑯	prɪnstən	UNC	RSSB	97	shave_agrees
prix	𐑐𐑮𐑰	priː	UNC	RSSB	97	shave_agrees
promo	𐑐𐑮𐑴𐑥𐑴	prəʊməʊ	UNC	RSSB	97	shave_agrees
psycho	𐑕𐑲𐑒𐑴	sˈaɪkəʊ	UNC	RSSB	97	shave_agrees
quorn	𐑒𐑢𐑹𐑯	kwɔːRn	UNC	RSSB	97	shave_agrees
raleigh	𐑮𐑭𐑤𐑦	rɑːli	UNC	RSSB	97	shave_agrees
randomise	𐑮𐑨𐑯𐑛𐑩𐑥𐑲𐑟	rændəmaɪz	UNC	RSSB	97	shave_agrees
randomize	𐑮𐑨𐑯𐑛𐑩𐑥𐑲𐑟	rændəmaɪz	UNC	RSSB	97	shave_agrees
refinance	𐑮𐑰𐑓𐑲𐑯𐑨𐑯𐑕	riːfaɪnæns	UNC	RSSB	97	shave_agrees
renault	𐑮𐑧𐑯𐑴	renəʊ	UNC	RSSB	97	shave_agrees
renfrewshire	𐑮𐑧𐑯𐑓𐑮𐑵𐑖𐑼	renfruːʃəR	UNC	RSSB	97	shave_agrees
reno	𐑮𐑰𐑯𐑴	riːnəʊ	UNC	RSSB	97	shave_agrees
repo	𐑮𐑰𐑐𐑴	riːpəʊ	UNC	RSSB	97	shave_agrees
reseller	𐑮𐑰𐑕𐑧𐑤𐑼	riːseləR	UNC	RSSB	97	shave_agrees
retrofitted	𐑮𐑧𐑑𐑮𐑴𐑓𐑦𐑑𐑩𐑛	retrəʊfɪtƏd	UNC	RSSB	97	shave_agrees
ridded	𐑮𐑦𐑛𐑩𐑛	rɪdƏd	UNC	RSSB	97	shave_agrees
ringtone	𐑮𐑦𐑙𐑑𐑴𐑯	rɪŋtəʊn	UNC	RSSB	97	shave_agrees
ringtones	𐑮𐑦𐑙𐑑𐑴𐑯𐑟	rɪŋtəʊnz	UNC	RSSB	97	shave_agrees
ritz	𐑮𐑦𐑑𐑕	rɪts	UNC	RSSB	97	shave_agrees
rogers	𐑮𐑪𐑡𐑼𐑟	rɒdʒəRz	UNC	RSSB	97	shave_agrees
rom	𐑮𐑪𐑥	rɒm	UNC	RSSB	97	shave_agrees
roms	𐑮𐑪𐑥𐑟	rɒmz	UNC	RSSB	97	shave_agrees
router	𐑮𐑵𐑑𐑼	ruːtəR	UNC	RSSB	97	shave_agrees
routers	𐑮𐑵𐑑𐑼𐑟	ruːtəRz	UNC	RSSB	97	shave_agrees
ryan	𐑮𐑲𐑩𐑯	raɪən	UNC	RSSB	97	shave_agrees
sal	𐑕𐑨𐑤	sˈæl	UNC	RSSB	97	shave_agrees
samsung	𐑕𐑨𐑥𐑕𐑳𐑙	sˈæmsˌʌŋ	UNC	RSSB	97	shave_agrees
san	𐑕𐑨𐑯	sˈæn	UNC	RSSB	97	shave_agrees
sanyo	𐑕𐑨𐑯𐑘𐑴	sˈænjəʊ	UNC	RSSB	97	shave_agrees
screensaver	𐑕𐑒𐑮𐑰𐑯𐑕𐑱𐑝𐑼	skriːnseɪvəR	UNC	RSSB	97	shave_agrees
screensavers	𐑕𐑒𐑮𐑰𐑯𐑕𐑱𐑝𐑼𐑟	skriːnseɪvəRz	UNC	RSSB	97	shave_agrees
scripting	𐑕𐑒𐑮𐑦𐑐𐑑𐑦𐑙	skrɪptɪŋ	UNC	RSSB	97	shave_agrees
scrumb	𐑕𐑒𐑮𐑳𐑥	skrʌm	UNC	RSSB	97	shave_agrees
sega	𐑕𐑱𐑜𐑩	sˈeɪɡə	UNC	RSSB	97	shave_agrees
segue	𐑕𐑧𐑜𐑢𐑱	sˈeɡweɪ	UNC	RSSB	97	shave_agrees
shane	𐑖𐑱𐑯	ʃˈeɪn	UNC	RSSB	97	shave_agrees
shareware	𐑖𐑺𐑢𐑺	ʃeəRweəR	UNC	RSSB	97	shave_agrees
shaun	𐑖𐑷𐑯	ʃˈɔːn	UNC	RSSB	97	shave_agrees
shite	𐑖𐑲𐑑	ʃˈaɪt	UNC	RSSB	97	shave_agrees
shitty	𐑖𐑦𐑑𐑦	ʃˈɪti	UNC	RSSB	97	shave_agrees
shoed	𐑖𐑵𐑛	ʃˈuːd	UNC	RSSB	97	shave_agrees
showtimes	𐑖𐑴𐑑𐑲𐑥𐑟	ʃˈəʊtˌaɪmz	UNC	RSSB	97	shave_agrees
siemens	𐑕𐑰𐑥𐑩𐑯𐑟	sˈiːmənz	UNC	RSSB	97	shave_agrees
sig	𐑕𐑦𐑜	sˈɪɡ	UNC	RSSB	97	shave_agrees
sigma	𐑕𐑦𐑜𐑥𐑩	sˈɪɡmə	UNC	RSSB	97	shave_agrees
sim	𐑕𐑦𐑥	sˈɪm	UNC	RSSB	97	shave_agrees
simpson	𐑕𐑦𐑥𐑐𐑕𐑩𐑯	sˈɪmpsən	UNC	RSSB	97	shave_agrees
simpsons	𐑕𐑦𐑥𐑐𐑕𐑩𐑯𐑟	sˈɪmpsənz	UNC	RSSB	97	shave_agrees
sims	𐑕𐑦𐑥𐑟	sˈɪmz	UNC	RSSB	97	shave_agrees
skive	𐑕𐑒𐑲𐑝	skˈaɪv	UNC	RSSB	97	shave_agrees
skype	𐑕𐑒𐑲𐑐	skˈaɪp	UNC	RSSB	97	shave_agrees
slovenia	𐑕𐑤𐑴𐑝𐑰𐑯𐑾	slˌəʊvˈiːnɪə	UNC	RSSB	97	shave_agrees
slurp	𐑕𐑤𐑻𐑐	slɜːRp	UNC	RSSB	97	shave_agrees
smilies	𐑕𐑥𐑲𐑤𐑦𐑟	smˈaɪliz	UNC	RSSB	97	shave_agrees
snarky	𐑕𐑯𐑸𐑒𐑦	snɑːRki	UNC	RSSB	97	shave_agrees
snuggly	𐑕𐑯𐑳𐑜𐑤𐑦	snˈʌɡli	UNC	RSSB	97	shave_agrees
softball	𐑕𐑪𐑓𐑑𐑚𐑷𐑤	sˈɒftbˌɔːl	UNC	RSSB	97	shave_agrees
soma	𐑕𐑴𐑥𐑩	sˈəʊmə	UNC	RSSB	97	shave_agrees
sony	𐑕𐑴𐑯𐑦	sˈəʊni	UNC	RSSB	97	shave_agrees
southend	𐑕𐑬𐑔𐑧𐑯𐑛	sˌaʊθˈend	UNC	RSSB	97	shave_agrees
spencer	𐑕𐑐𐑧𐑯𐑕𐑼	spensəR	UNC	RSSB	97	shave_agrees
spencers	𐑕𐑐𐑧𐑯𐑕𐑼𐑟	spensəRz	UNC	RSSB	97	shave_agrees
splat	𐑕𐑐𐑤𐑨𐑑	splˈæt	UNC	RSSB	97	shave_agrees
springer	𐑕𐑐𐑮𐑦𐑙𐑼	sprɪŋəR	UNC	RSSB	97	shave_agrees
spyware	𐑕𐑐𐑲𐑢𐑺	spaɪweəR	UNC	RSSB	97	shave_agrees
stacey	𐑕𐑑𐑱𐑕𐑦	stˈeɪsi	UNC	RSSB	97	shave_agrees
stadia	𐑕𐑑𐑱𐑛𐑾	stˈeɪdɪə	UNC	RSSB	97	shave_agrees
stakeholders	𐑕𐑑𐑱𐑒𐑣𐑴𐑤𐑛𐑼𐑟	steɪkhəʊldəRz	UNC	RSSB	97	shave_agrees
standings	𐑕𐑑𐑨𐑯𐑛𐑦𐑙𐑟	stˈændɪŋz	UNC	RSSB	97	shave_agrees
startup	𐑕𐑑𐑸𐑑𐑳𐑐	stɑːRtʌp	UNC	RSSB	97	shave_agrees
stat	𐑕𐑑𐑨𐑑	stˈæt	UNC	RSSB	97	shave_agrees
stats	𐑕𐑑𐑨𐑑𐑕	stˈæts	UNC	RSSB	97	shave_agrees
statuses	𐑕𐑑𐑱𐑑𐑩𐑕𐑩𐑟	stˈeɪtəsƏz	UNC	RSSB	97	shave_agrees
stevens	𐑕𐑑𐑰𐑝𐑩𐑯𐑟	stˈiːvənz	UNC	RSSB	97	shave_agrees
stratford	𐑕𐑑𐑮𐑨𐑑𐑓𐑼𐑛	strætfəRd	UNC	RSSB	97	shave_agrees
strived	𐑕𐑑𐑮𐑲𐑝𐑛	straɪvd	UNC	RSSB	97	shave_agrees
subset	𐑕𐑳𐑚𐑕𐑧𐑑	sˈʌbsˌet	UNC	RSSB	97	shave_agrees
sullivan	𐑕𐑳𐑤𐑦𐑝𐑩𐑯	sˈʌlɪvən	UNC	RSSB	97	shave_agrees
sushi	𐑕𐑵𐑖𐑦	sˈuːʃi	UNC	RSSB	97	shave_agrees
swingers	𐑕𐑢𐑦𐑙𐑼𐑟	swɪŋəRz	UNC	RSSB	97	shave_agrees
symantec	𐑕𐑦𐑥𐑨𐑯𐑑𐑧𐑒	sɪmˈæntˌek	UNC	RSSB	97	shave_agrees
synergy	𐑕𐑦𐑯𐑼𐑡𐑦	sɪnəRdʒi	UNC	RSSB	97	shave_agrees
tampa	𐑑𐑨𐑥𐑐𐑩	tˈæmpə	UNC	RSSB	97	shave_agrees
tarot	𐑑𐑨𐑮𐑴	tærəʊ	UNC	RSSB	97	shave_agrees
tate	𐑑𐑱𐑑	tˈeɪt	UNC	RSSB	97	shave_agrees
techno	𐑑𐑧𐑒𐑯𐑴	tˈeknəʊ	UNC	RSSB	97	shave_agrees
telecom	𐑑𐑧𐑤𐑦𐑒𐑪𐑥	tˈelɪkɒm	UNC	RSSB	97	shave_agrees
tesco	𐑑𐑧𐑕𐑒𐑴	tˈeskəʊ	UNC	RSSB	97	shave_agrees
thankyou	𐑔𐑨𐑙𐑒𐑿	θˈæŋkjuː	UNC	RSSB	97	shave_agrees
thingy	𐑔𐑦𐑙𐑦	θˈɪŋi	UNC	RSSB	97	shave_agrees
thinkpad	𐑔𐑦𐑙𐑒𐑐𐑨𐑛	θˈɪŋkpˌæd	UNC	RSSB	97	shave_agrees
thomson	𐑑𐑪𐑥𐑕𐑩𐑯	tˈɒmsən	UNC	RSSB	97	shave_agrees
thumbnails	𐑔𐑳𐑥𐑯𐑱𐑤𐑟	θˈʌmnˌeɪlz	UNC	RSSB	97	shave_agrees
tiffany	𐑑𐑦𐑓𐑩𐑯𐑦	tˈɪfəni	UNC	RSSB	97	shave_agrees
til	𐑑𐑦𐑤	tˈɪl	UNC	RSSB	97	shave_agrees
titanium	𐑑𐑲𐑑𐑱𐑯𐑾𐑥	taɪtˈeɪnɪəm	UNC	RSSB	97	shave_agrees
tong	𐑑𐑪𐑙	tˈɒŋ	UNC	RSSB	97	shave_agrees
toolbar	𐑑𐑵𐑤𐑚𐑸	tuːlbɑːR	UNC	RSSB	97	shave_agrees
toolbox	𐑑𐑵𐑤𐑚𐑪𐑒𐑕	tˈuːlbˌɒks	UNC	RSSB	97	shave_agrees
toolkit	𐑑𐑵𐑤𐑒𐑦𐑑	tˈuːlkɪt	UNC	RSSB	97	shave_agrees
toshiba	𐑑𐑴𐑖𐑰𐑚𐑩	təʊʃˈiːbə	UNC	RSSB	97	shave_agrees
trackback	𐑑𐑮𐑨𐑒𐑚𐑨𐑒	trækbæk	UNC	RSSB	97	shave_agrees
trackbacks	𐑑𐑮𐑨𐑒𐑚𐑨𐑒𐑕	trækbæks	UNC	RSSB	97	shave_agrees
tranny	𐑑𐑮𐑨𐑯𐑦	træni	UNC	RSSB	97	shave_agrees
travis	𐑑𐑮𐑨𐑝𐑦𐑕	trævɪs	UNC	RSSB	97	shave_agrees
trent	𐑑𐑮𐑧𐑯𐑑	trent	UNC	RSSB	97	shave_agrees
triathlon	𐑑𐑮𐑲𐑨𐑔𐑤𐑪𐑯	traɪæθlɒn	UNC	RSSB	97	shave_agrees
trish	𐑑𐑮𐑦𐑖	trɪʃ	UNC	RSSB	97	shave_agrees
tucson	𐑑𐑵𐑕𐑪𐑯	tˈuːsˌɒn	UNC	RSSB	97	shave_agrees
tudor	𐑑𐑿𐑛𐑼	tjuːdəR	UNC	RSSB	97	shave_agrees
turbo	𐑑𐑻𐑚𐑴	tɜːRbəʊ	UNC	RSSB	97	shave_agrees
twat	𐑑𐑢𐑨𐑑	twˈæt	UNC	RSSB	97	shave_agrees
twinks	𐑑𐑢𐑦𐑙𐑒𐑕	twˈɪŋks	UNC	RSSB	97	shave_agrees
tyler	𐑑𐑲𐑤𐑼	taɪləR	UNC	RSSB	97	shave_agrees
uh	𐑳	ˈʌ	UNC	RSSB	97	shave_agrees
ultra	𐑳𐑤𐑑𐑮𐑩	ʌltrə	UNC	RSSB	97	shave_agrees
uni	𐑿𐑯𐑦	jˈuːni	UNC	RSSB	97	shave_agrees
unlabeled	𐑳𐑯𐑤𐑱𐑚𐑩𐑤𐑛	ʌnlˈeɪbəld	UNC	RSSB	97	shave_agrees
unsubscribe	𐑳𐑯𐑕𐑩𐑚𐑕𐑒𐑮𐑲𐑚	ʌnsəbskraɪb	UNC	RSSB	97	shave_agrees
usability	𐑿𐑟𐑩𐑚𐑦𐑤𐑦𐑑𐑦	jˌuːzəbˈɪlɪti	UNC	RSSB	97	shave_agrees
username	𐑿𐑟𐑼𐑯𐑱𐑥	juːzəRneɪm	UNC	RSSB	97	shave_agrees
val	𐑝𐑨𐑤	vˈæl	UNC	RSSB	97	shave_agrees
valium	𐑝𐑨𐑤𐑾𐑥	vˈælɪəm	UNC	RSSB	97	shave_agrees
vee	𐑝𐑰	vˈiː	UNC	RSSB	97	shave_agrees
vees	𐑝𐑰𐑟	vˈiːz	UNC	RSSB	97	shave_agrees
veg	𐑝𐑧𐑡	vˈedʒ	UNC	RSSB	97	shave_agrees
vegas	𐑝𐑱𐑜𐑩𐑕	vˈeɪɡəs	UNC	RSSB	97	shave_agrees
viagra	𐑝𐑲𐑨𐑜𐑮𐑩	vaɪæɡrə	UNC	RSSB	97	shave_agrees
vicki	𐑝𐑦𐑒𐑦	vˈɪki	UNC	RSSB	97	shave_agrees
vilnius	𐑝𐑦𐑤𐑯𐑾𐑕	vˈɪlnɪəs	UNC	RSSB	97	shave_agrees
volkswagen	𐑝𐑴𐑤𐑒𐑕𐑢𐑨𐑜𐑩𐑯	vˈəʊlkswˌæɡən	UNC	RSSB	97	shave_agrees
volvo	𐑝𐑪𐑤𐑝𐑴	vˈɒlvəʊ	UNC	RSSB	97	shave_agrees
wallpapers	𐑢𐑷𐑤𐑐𐑱𐑐𐑼𐑟	wɔːlpeɪpəRz	UNC	RSSB	97	shave_agrees
warner	𐑢𐑹𐑯𐑼	wɔːRnəR	UNC	RSSB	97	shave_agrees
weaved	𐑢𐑰𐑝𐑛	wˈiːvd	UNC	RSSB	97	shave_agrees
webcast	𐑢𐑧𐑚𐑒𐑭𐑕𐑑	wˈebkˌɑːst	UNC	RSSB	97	shave_agrees
webmasters	𐑢𐑧𐑚𐑥𐑭𐑕𐑑𐑼𐑟	webmɑːstəRz	UNC	RSSB	97	shave_agrees
weil	𐑢𐑲𐑤	wˈaɪl	UNC	RSSB	97	shave_agrees
wellies	𐑢𐑧𐑤𐑦𐑟	wˈeliz	UNC	RSSB	97	shave_agrees
whinge	𐑢𐑦𐑯𐑡	wˈɪndʒ	UNC	RSSB	97	shave_agrees
whizz	𐑢𐑦𐑟	wˈɪz	UNC	RSSB	97	shave_agrees
widescreen	𐑢𐑲𐑛𐑕𐑒𐑮𐑰𐑯	waɪdskriːn	UNC	RSSB	97	shave_agrees
wifi	𐑢𐑲𐑓𐑲	wˈaɪfaɪ	UNC	RSSB	97	shave_agrees
wiki	𐑢𐑦𐑒𐑦	wˈɪki	UNC	RSSB	97	shave_agrees
wog	𐑢𐑪𐑜	wˈɒɡ	UNC	RSSB	97	shave_agrees
wok	𐑢𐑪𐑒	wˈɒk	UNC	RSSB	97	shave_agrees
woking	𐑢𐑴𐑒𐑦𐑙	wˈəʊkɪŋ	UNC	RSSB	97	shave_agrees
wop	𐑢𐑪𐑐	wˈɒp	UNC	RSSB	97	shave_agrees
workflow	𐑢𐑻𐑒𐑓𐑤𐑴	wɜːRkfləʊ	UNC	RSSB	97	shave_agrees
workout	𐑢𐑻𐑒𐑬𐑑	wɜːRkaʊt	UNC	RSSB	97	shave_agrees
wrang	𐑮𐑨𐑙	ræŋ	UNC	RSSB	97	shave_agrees
wy	𐑢𐑲	wˈaɪ	UNC	RSSB	97	shave_agrees
y'all	𐑘𐑷𐑤	jˈɔːl	UNC	RSSB	97	shave_agrees
yale	𐑘𐑱𐑤	jˈeɪl	UNC	RSSB	97	shave_agrees
yo	𐑘𐑴	jˈəʊ	UNC	RSSB	97	shave_agrees
yosemite	𐑘𐑴𐑕𐑧𐑥𐑦𐑑𐑦	jəʊsˈemɪti	UNC	RSSB	97	shave_agrees
yous	𐑿𐑟	jˈuːz	UNC	RSSB	97	shave_agrees
yuck	𐑘𐑳𐑒	jˈʌk	UNC	RSSB	97	shave_agrees
yum	𐑘𐑳𐑥	jˈʌm	UNC	RSSB	97	shave_agrees
yummie	𐑘𐑳𐑥𐑦	jˈʌmi	UNC	RSSB	97	shave_agrees
zed	𐑟𐑧𐑛	zˈed	UNC	RSSB	97	shave_agrees
zeds	𐑟𐑧𐑛𐑟	zˈedz	UNC	RSSB	97	shave_agrees
zilch	𐑟𐑦𐑤𐑗	zˈɪltʃ	UNC	RSSB	97	shave_agrees
zit	𐑟𐑦𐑑	zˈɪt	UNC	RSSB	97	shave_agrees
zoophilia	𐑟𐑴𐑩𐑓𐑦𐑤𐑾	zˌəʊəfˈɪlɪə	UNC	RSSB	97	shave_agrees
